{"stats":{"minecraft:killed_by":{"minecraft:player":1},"minecraft:picked_up":{"minecraft:crafting_table":1,"minecraft:azure_bluet":1,"minecraft:chainmail_boots":1,"minecraft:leather_leggings":1,"minecraft:stone_slab":2,"minecraft:raw_copper":9,"minecraft:string":10,"minecraft:cooked_salmon":1,"minecraft:smooth_stone_slab":3,"minecraft:iron_leggings":1,"minecraft:item_frame":2,"minecraft:armor_stand":1,"minecraft:cyan_carpet":3,"minecraft:sea_pickle":2,"minecraft:andesite_stairs":1,"minecraft:player_head":4,"minecraft:calcite":9,"minecraft:melon_slice":1,"minecraft:egg":1,"minecraft:raw_iron":14,"minecraft:stick":3,"minecraft:stripped_mangrove_wood":2,"minecraft:torch":21,"sophisticatedbackpacks:backpack":2,"minecraft:mangrove_sign":1,"minecraft:diorite":5,"minecraft:redstone":1,"minecraft:dark_oak_planks":3,"minecraft:waxed_cut_copper_stairs":1,"minecraft:andesite_wall":2,"minecraft:stone_sword":2,"minecraft:rotten_flesh":7,"minecraft:yellow_terracotta":1,"minecraft:saddle":1,"undead_revamp2:arapholia":1,"hmag:spectral_soup":1,"minecraft:cobblestone":456,"relics:roller_skates":1,"minecraft:leather_chestplate":1,"minecraft:feather":2,"minecraft:tripwire_hook":2,"minecraft:andesite":23,"minecraft:leather":1,"minecraft:potato":12,"paraglider:spirit_orb":2,"minecraft:flint":2,"minecraft:dirt":75,"minecraft:lantern":1,"minecraft:bone":5,"minecraft:bow":1,"minecraft:wheat_seeds":61,"minecraft:stone_pickaxe":1,"minecraft:cooked_chicken":1,"minecraft:diamond_helmet":1,"minecraft:gray_bed":5,"minecraft:oak_planks":3,"minecraft:polished_andesite_stairs":1,"minecraft:pumpkin":1,"hmag:soul_powder":2,"minecraft:yellow_concrete":1,"minecraft:stone_brick_slab":2,"minecraft:dandelion":3,"minecraft:gravel":13,"minecraft:white_bed":16,"minecraft:spruce_log":9,"minecraft:barrel":2,"minecraft:mossy_cobblestone":4,"minecraft:pumpkin_seeds":3,"minecraft:white_concrete_powder":1,"minecraft:granite":8,"minecraft:spruce_sign":1,"minecraft:oak_sapling":1,"minecraft:smooth_quartz_slab":2,"minecraft:coal":50},"minecraft:custom":{"minecraft:mob_kills":22,"minecraft:interact_with_crafting_table":14,"minecraft:open_barrel":41,"minecraft:bell_ring":1,"minecraft:damage_dealt_resisted":257,"minecraft:time_since_death":23031,"minecraft:leave_game":2,"minecraft:climb_one_cm":8623,"minecraft:damage_resisted":133,"minecraft:sprint_one_cm":530487,"minecraft:walk_one_cm":717416,"minecraft:drop":13,"minecraft:play_noteblock":15,"minecraft:play_time":212480,"minecraft:deaths":5,"minecraft:sneak_time":2229,"minecraft:walk_under_water_one_cm":40196,"minecraft:jump":3353,"minecraft:walk_on_water_one_cm":48757,"minecraft:total_world_time":212480,"minecraft:interact_with_furnace":42,"minecraft:tune_noteblock":6,"minecraft:sleep_in_bed":18,"minecraft:time_since_rest":8485,"minecraft:damage_taken":5965,"minecraft:damage_dealt":5627,"minecraft:fly_one_cm":677050,"minecraft:swim_one_cm":24993,"minecraft:open_chest":122,"minecraft:crouch_one_cm":5049,"minecraft:fall_one_cm":122381,"minecraft:horse_one_cm":1625502},"minecraft:used":{"minecraft:stone_sword":294,"minecraft:stone_shovel":70,"minecraft:cooked_salmon":2,"minecraft:stone_hoe":90,"minecraft:cooked_chicken":9,"minecraft:rotten_flesh":6,"minecraft:torch":40,"minecraft:dirt":9,"minecraft:wooden_axe":6,"minecraft:barrel":2,"minecraft:item_frame":2,"minecraft:furnace":6,"minecraft:gray_bed":5,"minecraft:potato":13,"minecraft:stone_pickaxe":626,"minecraft:wooden_pickaxe":17,"minecraft:spruce_sign":1,"minecraft:crafting_table":3,"minecraft:white_bed":15,"minecraft:cod":1,"minecraft:apple":16,"minecraft:melon_slice":1,"minecraft:bread":6,"minecraft:gravel":1,"minecraft:cobblestone":78,"minecraft:cooked_porkchop":26},"minecraft:mined":{"minecraft:dark_oak_planks":3,"minecraft:yellow_terracotta":1,"minecraft:white_bed":13,"minecraft:mossy_cobblestone":4,"minecraft:purple_candle":1,"minecraft:granite":8,"minecraft:grass_block":55,"minecraft:redstone_wire":1,"minecraft:spawner":1,"minecraft:large_fern":1,"minecraft:black_stained_glass_pane":4,"minecraft:iron_ore":14,"minecraft:barrel":1,"minecraft:fire":18,"minecraft:andesite":25,"minecraft:black_concrete":5,"minecraft:pumpkin":1,"minecraft:vine":1,"minecraft:green_carpet":1,"minecraft:stone":420,"minecraft:player_head":3,"minecraft:waxed_cut_copper_stairs":1,"minecraft:podzol":1,"minecraft:glass_pane":2,"minecraft:stone_brick_slab":2,"minecraft:powder_snow":50,"minecraft:oak_fence":4,"minecraft:crafting_table":1,"minecraft:torch":10,"minecraft:calcite":7,"minecraft:polished_andesite_stairs":1,"minecraft:rose_bush":1,"minecraft:andesite_wall":2,"minecraft:stone_slab":2,"minecraft:smooth_quartz_slab":2,"minecraft:tall_grass":24,"minecraft:copper_ore":3,"minecraft:cobblestone":9,"minecraft:oak_planks":3,"minecraft:diorite":8,"minecraft:wall_torch":11,"minecraft:sea_pickle":1,"minecraft:wheat":1,"minecraft:sweet_berry_bush":8,"minecraft:gray_bed":5,"minecraft:spruce_log":5,"minecraft:birch_leaves":5,"minecraft:smooth_stone_slab":3,"minecraft:grass":76,"minecraft:coal_ore":51,"minecraft:oak_fence_gate":1,"minecraft:yellow_concrete":1,"minecraft:gravel":16,"minecraft:dirt":29,"minecraft:cobweb":10,"minecraft:polished_andesite":3,"minecraft:oak_leaves":15,"minecraft:fern":9},"minecraft:broken":{"minecraft:stone_sword":1,"minecraft:leather_chestplate":1,"minecraft:stone_pickaxe":4},"minecraft:killed":{"cardinal_sins:skeletonofgluttony":4,"minecraft:skeleton":3,"minecraft:chicken":1,"minecraft:husk":8,"undead_revamp2:the_moonflower":2,"minecraft:zombie":1},"minecraft:crafted":{"minecraft:stone_shovel":1,"minecraft:furnace":6,"minecraft:stone_pickaxe":5,"minecraft:stone_hoe":3,"minecraft:cooked_cod":1,"minecraft:cooked_porkchop":44,"minecraft:crafting_table":2,"minecraft:spruce_planks":24,"minecraft:wooden_pickaxe":1,"minecraft:copper_ingot":5,"minecraft:air":0,"minecraft:stick":48,"minecraft:iron_ingot":10,"minecraft:wooden_axe":1,"minecraft:stone_sword":11,"minecraft:torch":44},"minecraft:dropped":{"minecraft:wheat_seeds":2,"minecraft:copper_ingot":3,"minecraft:pumpkin":1,"minecraft:player_head":1,"minecraft:stone_sword":2,"sophisticatedbackpacks:backpack":1,"minecraft:spruce_log":2,"minecraft:stone_pickaxe":1}},"DataVersion":3465}