{"stats":{"minecraft:custom":{"minecraft:mob_kills":73,"minecraft:interact_with_crafting_table":45,"minecraft:open_barrel":69,"minecraft:bell_ring":1,"minecraft:damage_dealt_resisted":652,"minecraft:time_since_death":70402,"minecraft:leave_game":3,"minecraft:climb_one_cm":9672,"minecraft:damage_resisted":133,"minecraft:sprint_one_cm":916671,"minecraft:walk_one_cm":1407783,"minecraft:drop":25,"minecraft:play_noteblock":15,"minecraft:play_time":448554,"minecraft:deaths":27,"minecraft:sneak_time":8565,"minecraft:walk_under_water_one_cm":49794,"minecraft:jump":6235,"minecraft:interact_with_blast_furnace":4,"minecraft:walk_on_water_one_cm":60893,"minecraft:total_world_time":448554,"minecraft:interact_with_furnace":115,"minecraft:tune_noteblock":6,"minecraft:sleep_in_bed":31,"minecraft:time_since_rest":20071,"minecraft:damage_taken":18113,"minecraft:damage_dealt":19899,"minecraft:fly_one_cm":1245008,"minecraft:swim_one_cm":112824,"minecraft:open_chest":202,"minecraft:crouch_one_cm":22155,"minecraft:fall_one_cm":256389,"minecraft:horse_one_cm":1625502},"minecraft:used":{"minecraft:stone_sword":675,"minecraft:stone_shovel":97,"minecraft:rotten_flesh":46,"minecraft:cooked_salmon":2,"minecraft:cooked_chicken":13,"minecraft:stone_hoe":881,"minecraft:torch":126,"minecraft:dirt":10,"minecraft:tuff":2,"minecraft:dark_oak_planks":3,"minecraft:wooden_axe":6,"minecraft:barrel":2,"minecraft:item_frame":2,"minecraft:furnace":7,"minecraft:cooked_cod":6,"minecraft:gray_bed":7,"minecraft:potato":103,"minecraft:cobbled_deepslate":5,"minecraft:water_bucket":2,"minecraft:diorite":1,"minecraft:baked_potato":5,"minecraft:stone_pickaxe":1481,"minecraft:wooden_pickaxe":17,"minecraft:spruce_sign":1,"minecraft:crafting_table":3,"minecraft:white_bed":18,"minecraft:cod":1,"minecraft:black_bed":2,"hmag:spectral_soup":1,"minecraft:apple":16,"minecraft:melon_slice":1,"minecraft:bread":35,"minecraft:gravel":5,"minecraft:stone_axe":2,"minecraft:cobblestone":358,"majruszsdifficulty:warden_treasure_bag":1,"minecraft:cooked_porkchop":58,"minecraft:andesite":2,"minecraft:bucket":3,"minecraft:pumpkin_pie":1},"minecraft:dropped":{"minecraft:wheat_seeds":2,"minecraft:cobblestone":1,"minecraft:copper_ingot":3,"minecraft:diorite":6,"minecraft:cooked_cod":1,"minecraft:pumpkin_pie":1,"minecraft:pumpkin":1,"minecraft:player_head":1,"minecraft:stone_sword":2,"minecraft:cobbled_deepslate":1,"minecraft:rotten_flesh":5,"sophisticatedbackpacks:backpack":1,"minecraft:spider_eye":1,"minecraft:spruce_log":2,"minecraft:stone_pickaxe":1},"minecraft:mined":{"minecraft:dark_oak_planks":4,"minecraft:yellow_terracotta":1,"minecraft:tuff":49,"minecraft:farmland":1,"minecraft:white_bed":14,"minecraft:mossy_cobblestone":4,"minecraft:sculk_vein":14,"minecraft:purple_candle":1,"minecraft:granite":17,"minecraft:grass_block":56,"minecraft:white_concrete":1,"minecraft:redstone_wire":1,"minecraft:kelp":1,"minecraft:moss_block":3,"minecraft:spawner":1,"minecraft:large_fern":1,"minecraft:black_stained_glass_pane":10,"minecraft:fire":18,"minecraft:iron_ore":16,"minecraft:barrel":1,"minecraft:cobbled_deepslate":3,"minecraft:andesite":65,"minecraft:black_concrete":7,"minecraft:pumpkin":1,"minecraft:potatoes":1,"create:asurine":20,"minecraft:sculk_shrieker":3,"minecraft:vine":1,"minecraft:deepslate_iron_ore":40,"minecraft:green_carpet":1,"minecraft:stone":798,"minecraft:player_head":3,"minecraft:waxed_cut_copper_stairs":1,"minecraft:podzol":1,"minecraft:glass_pane":4,"various_world:gneiss":5,"minecraft:stone_brick_slab":2,"minecraft:powder_snow":50,"minecraft:oak_fence":4,"minecraft:crafting_table":1,"minecraft:torch":23,"minecraft:calcite":15,"minecraft:polished_andesite_stairs":1,"minecraft:rose_bush":1,"minecraft:sculk_sensor":4,"minecraft:andesite_wall":2,"minecraft:stone_slab":2,"minecraft:smooth_quartz_slab":2,"minecraft:copper_ore":17,"minecraft:tall_grass":26,"minecraft:cobblestone":84,"minecraft:lapis_ore":1,"minecraft:oak_planks":3,"minecraft:sculk":712,"minecraft:diorite":40,"minecraft:wall_torch":30,"minecraft:deepslate_copper_ore":5,"minecraft:sea_pickle":1,"minecraft:wheat":1,"minecraft:sweet_berry_bush":8,"paraglider:kakariko_goddess_statue":1,"minecraft:gray_bed":7,"minecraft:spruce_log":5,"minecraft:birch_leaves":5,"minecraft:black_bed":1,"minecraft:smooth_stone_slab":3,"minecraft:grass":89,"minecraft:coal_ore":75,"minecraft:oak_fence_gate":1,"minecraft:gravel":30,"minecraft:yellow_concrete":1,"minecraft:dirt":52,"minecraft:cobweb":13,"minecraft:polished_andesite":3,"minecraft:oak_leaves":15,"minecraft:deepslate":110,"minecraft:fern":11},"minecraft:crafted":{"minecraft:oak_planks":32,"minecraft:stone_shovel":1,"minecraft:cooked_chicken":14,"minecraft:furnace":7,"sophisticatedbackpacks:crafting_upgrade":1,"sophisticatedbackpacks:copper_backpack":1,"minecraft:stone_pickaxe":10,"minecraft:stone_hoe":9,"minecraft:gray_bed":1,"sophisticatedbackpacks:iron_backpack":1,"minecraft:cooked_cod":8,"minecraft:cooked_porkchop":60,"minecraft:crafting_table":2,"minecraft:spruce_planks":24,"minecraft:wooden_pickaxe":1,"minecraft:baked_potato":6,"minecraft:copper_ingot":9,"sophisticatedbackpacks:gold_backpack":1,"sophisticatedbackpacks:upgrade_base":1,"minecraft:air":0,"minecraft:stick":84,"minecraft:iron_ingot":12,"minecraft:wooden_axe":1,"minecraft:stone_sword":11,"minecraft:gold_ingot":5,"minecraft:torch":100},"minecraft:broken":{"minecraft:stone_sword":4,"minecraft:leather_leggings":1,"minecraft:leather_chestplate":2,"minecraft:stone_hoe":6,"minecraft:stone_pickaxe":10},"minecraft:killed":{"undead_revamp2:thewolf":6,"cardinal_sins:skeletonofgluttony":4,"undead_revamp2:thehunter":2,"undead_revamp2:thegliter":3,"undead_revamp2:axestrom":3,"minecraft:skeleton":6,"hmag:zombie_girl":2,"minecraft:chicken":1,"undead_revamp2:therod":1,"undead_revamp2:sucker":4,"artifacts:mimic":1,"minecraft:husk":8,"undead_revamp2:the_moonflower":17,"hmag:kobold":1,"undead_revamp2:thesomnolence":4,"minecraft:zombie":5,"various_world:wandering_spirit_summoned_of_sculks":1},"minecraft:picked_up":{"minecraft:crafting_table":1,"minecraft:wheat":4,"minecraft:azure_bluet":1,"minecraft:chainmail_boots":1,"minecraft:leather_leggings":1,"minecraft:stone_slab":2,"minecraft:string":25,"minecraft:oak_trapdoor":1,"minecraft:raw_copper":73,"minecraft:iron_axe":1,"minecraft:cooked_salmon":1,"minecraft:smooth_stone_slab":3,"minecraft:iron_leggings":1,"minecraft:armor_stand":1,"minecraft:item_frame":2,"minecraft:cyan_carpet":3,"minecraft:sea_pickle":2,"minecraft:candle":2,"minecraft:cobbled_deepslate":110,"minecraft:echo_shard":3,"minecraft:andesite_stairs":1,"minecraft:player_head":4,"minecraft:calcite":9,"minecraft:iron_nugget":1,"minecraft:melon_slice":1,"minecraft:egg":2,"minecraft:stick":5,"minecraft:raw_iron":56,"minecraft:stripped_mangrove_wood":2,"minecraft:glow_item_frame":1,"minecraft:copper_ingot":2,"minecraft:torch":58,"paraglider:kakariko_goddess_statue":2,"sophisticatedbackpacks:backpack":2,"minecraft:mangrove_sign":1,"minecraft:diorite":16,"minecraft:redstone":1,"minecraft:dark_oak_planks":4,"minecraft:waxed_cut_copper_stairs":1,"minecraft:andesite_wall":2,"minecraft:stone_sword":3,"minecraft:arrow":1,"minecraft:rotten_flesh":58,"minecraft:cooked_cod":1,"minecraft:pumpkin_pie":1,"minecraft:yellow_terracotta":1,"create:asurine":18,"minecraft:saddle":1,"reliquary:mob_charm_fragment":1,"minecraft:glow_berries":2,"undead_revamp2:arapholia":3,"hmag:spectral_soup":1,"minecraft:cobblestone":903,"relics:roller_skates":1,"minecraft:leather_chestplate":1,"minecraft:feather":2,"minecraft:tripwire_hook":2,"minecraft:andesite":53,"minecraft:black_bed":2,"minecraft:leather":1,"minecraft:potato":81,"paraglider:spirit_orb":2,"minecraft:flint":3,"minecraft:tuff":50,"artifacts:flippers":1,"minecraft:dirt":101,"minecraft:lantern":1,"hmag:evil_crystal_fragment":1,"minecraft:bone":11,"undead_revamp2:blacpetalblock":1,"minecraft:bow":1,"minecraft:wheat_seeds":64,"minecraft:stone_pickaxe":5,"minecraft:iron_ingot":1,"minecraft:cooked_chicken":1,"minecraft:diamond_helmet":1,"minecraft:moss_block":1,"minecraft:gray_bed":7,"minecraft:oak_planks":3,"minecraft:sculk_catalyst":1,"minecraft:polished_andesite_stairs":1,"minecraft:pumpkin":1,"hmag:soul_powder":2,"minecraft:yellow_concrete":1,"minecraft:stone_brick_slab":2,"minecraft:poisonous_potato":1,"minecraft:dandelion":3,"minecraft:spyglass":1,"minecraft:gravel":26,"minecraft:white_bed":18,"minecraft:spruce_log":9,"hmag:kobold_leather":1,"minecraft:spider_eye":1,"minecraft:barrel":2,"minecraft:mossy_cobblestone":4,"minecraft:pumpkin_seeds":3,"minecraft:slime_ball":5,"minecraft:white_concrete_powder":1,"minecraft:black_concrete":6,"minecraft:granite":19,"minecraft:white_concrete":1,"minecraft:spruce_sign":1,"minecraft:oak_sapling":1,"minecraft:coal":75,"minecraft:smooth_quartz_slab":2},"minecraft:killed_by":{"minecraft:player":2}},"DataVersion":3465}