{"stats":{"minecraft:killed_by":{"minecraft:player":1},"minecraft:picked_up":{"minecraft:leather_chestplate":1,"minecraft:crafting_table":1,"relics:roller_skates":1,"minecraft:azure_bluet":1,"minecraft:chainmail_boots":1,"minecraft:tripwire_hook":2,"minecraft:leather_leggings":1,"minecraft:andesite":23,"minecraft:leather":1,"minecraft:potato":1,"minecraft:flint":2,"minecraft:dirt":75,"minecraft:string":10,"minecraft:raw_copper":5,"minecraft:cooked_salmon":1,"minecraft:smooth_stone_slab":3,"minecraft:armor_stand":1,"minecraft:item_frame":2,"minecraft:bone":5,"minecraft:cyan_carpet":3,"minecraft:sea_pickle":2,"minecraft:bow":1,"minecraft:wheat_seeds":28,"minecraft:andesite_stairs":1,"minecraft:cooked_chicken":1,"minecraft:calcite":7,"minecraft:player_head":3,"minecraft:diamond_helmet":1,"minecraft:melon_slice":1,"minecraft:gray_bed":5,"minecraft:oak_planks":3,"minecraft:egg":1,"minecraft:stripped_mangrove_wood":2,"minecraft:polished_andesite_stairs":1,"minecraft:stick":3,"minecraft:raw_iron":10,"hmag:soul_powder":2,"minecraft:torch":13,"minecraft:dandelion":3,"sophisticatedbackpacks:backpack":2,"minecraft:gravel":13,"minecraft:diorite":5,"minecraft:white_bed":6,"minecraft:spruce_log":5,"minecraft:redstone":1,"minecraft:mossy_cobblestone":4,"minecraft:barrel":1,"minecraft:dark_oak_planks":3,"minecraft:andesite_wall":2,"minecraft:stone_sword":1,"minecraft:rotten_flesh":2,"minecraft:white_concrete_powder":1,"minecraft:granite":8,"minecraft:saddle":1,"minecraft:smooth_quartz_slab":2,"minecraft:coal":47,"minecraft:cobblestone":420},"minecraft:custom":{"minecraft:interact_with_furnace":28,"minecraft:mob_kills":10,"minecraft:interact_with_crafting_table":14,"minecraft:open_barrel":35,"minecraft:bell_ring":1,"minecraft:damage_dealt_resisted":138,"minecraft:leave_game":2,"minecraft:time_since_death":11045,"minecraft:sleep_in_bed":10,"minecraft:climb_one_cm":7336,"minecraft:damage_resisted":117,"minecraft:time_since_rest":1436,"minecraft:sprint_one_cm":267241,"minecraft:damage_taken":3025,"minecraft:walk_one_cm":397367,"minecraft:drop":8,"minecraft:damage_dealt":2757,"minecraft:swim_one_cm":2103,"minecraft:fly_one_cm":370442,"minecraft:open_chest":96,"minecraft:crouch_one_cm":4631,"minecraft:play_time":140480,"minecraft:deaths":2,"minecraft:sneak_time":1755,"minecraft:walk_under_water_one_cm":10280,"minecraft:jump":1962,"minecraft:walk_on_water_one_cm":10261,"minecraft:total_world_time":140480,"minecraft:fall_one_cm":61989,"minecraft:horse_one_cm":1625502},"minecraft:used":{"minecraft:stone_sword":164,"minecraft:stone_shovel":70,"minecraft:stone_pickaxe":542,"minecraft:wooden_pickaxe":17,"minecraft:cooked_chicken":6,"minecraft:cooked_salmon":2,"minecraft:stone_hoe":89,"minecraft:rotten_flesh":1,"minecraft:torch":28,"minecraft:dirt":9,"minecraft:crafting_table":3,"minecraft:white_bed":6,"minecraft:cod":1,"minecraft:wooden_axe":6,"minecraft:apple":3,"minecraft:bread":4,"minecraft:melon_slice":1,"minecraft:gravel":1,"minecraft:item_frame":1,"minecraft:cobblestone":46,"minecraft:furnace":6,"minecraft:cooked_porkchop":13,"minecraft:gray_bed":5,"minecraft:potato":2},"minecraft:mined":{"minecraft:dark_oak_planks":3,"minecraft:white_bed":5,"minecraft:mossy_cobblestone":4,"minecraft:stone_brick_slab":2,"minecraft:powder_snow":50,"minecraft:granite":8,"minecraft:oak_fence":4,"minecraft:crafting_table":1,"minecraft:torch":7,"minecraft:calcite":5,"minecraft:grass_block":55,"minecraft:polished_andesite_stairs":1,"minecraft:redstone_wire":1,"minecraft:andesite_wall":2,"minecraft:stone_slab":2,"minecraft:smooth_quartz_slab":2,"minecraft:copper_ore":2,"minecraft:tall_grass":7,"minecraft:cobblestone":7,"minecraft:oak_planks":3,"minecraft:diorite":8,"minecraft:wall_torch":4,"minecraft:black_stained_glass_pane":2,"minecraft:sea_pickle":1,"minecraft:iron_ore":10,"minecraft:wheat":1,"minecraft:sweet_berry_bush":8,"minecraft:gray_bed":5,"minecraft:spruce_log":3,"minecraft:andesite":25,"minecraft:birch_leaves":2,"minecraft:smooth_stone_slab":3,"minecraft:grass":23,"minecraft:coal_ore":48,"minecraft:oak_fence_gate":1,"minecraft:vine":1,"minecraft:gravel":16,"minecraft:dirt":29,"minecraft:green_carpet":1,"minecraft:cobweb":10,"minecraft:polished_andesite":3,"minecraft:stone":392,"minecraft:player_head":2,"minecraft:oak_leaves":1},"minecraft:broken":{"minecraft:stone_pickaxe":3,"minecraft:stone_sword":1},"minecraft:killed":{"cardinal_sins:skeletonofgluttony":4,"minecraft:husk":2,"minecraft:skeleton":1,"minecraft:zombie":1},"minecraft:dropped":{"minecraft:player_head":1,"minecraft:stone_sword":2,"sophisticatedbackpacks:backpack":1,"minecraft:copper_ingot":3,"minecraft:stone_pickaxe":1},"minecraft:crafted":{"minecraft:cooked_cod":1,"minecraft:stone_shovel":1,"minecraft:crafting_table":2,"minecraft:spruce_planks":20,"minecraft:wooden_pickaxe":1,"minecraft:furnace":6,"minecraft:copper_ingot":5,"minecraft:air":0,"minecraft:stick":40,"minecraft:iron_ingot":2,"minecraft:stone_pickaxe":5,"minecraft:wooden_axe":1,"minecraft:stone_sword":11,"minecraft:torch":20,"minecraft:stone_hoe":3}},"DataVersion":3465}