{"stats":{"minecraft:picked_up":{"minecraft:spruce_log":3},"minecraft:custom":{"minecraft:jump":78,"minecraft:time_since_rest":5791,"minecraft:damage_dealt":20,"minecraft:crouch_one_cm":636,"minecraft:sprint_one_cm":4213,"minecraft:play_time":5791,"minecraft:damage_taken":245,"minecraft:time_since_death":5791,"minecraft:walk_one_cm":15153,"minecraft:sneak_time":393,"minecraft:total_world_time":5791,"minecraft:interact_with_crafting_table":2,"minecraft:fall_one_cm":1521,"minecraft:fly_one_cm":19183},"minecraft:mined":{"minecraft:spruce_log":2,"minecraft:oak_leaves":1},"minecraft:crafted":{"minecraft:crafting_table":1,"minecraft:spruce_planks":12,"minecraft:stick":4,"minecraft:wooden_axe":1}},"DataVersion":3465}