{"stats":{"minecraft:killed_by":{"minecraft:player":1},"minecraft:picked_up":{"minecraft:polished_andesite_stairs":1,"minecraft:raw_iron":2,"minecraft:crafting_table":1,"minecraft:gravel":1,"minecraft:spruce_log":5,"minecraft:dirt":43,"minecraft:raw_copper":5,"minecraft:andesite_wall":2,"minecraft:saddle":1,"minecraft:gray_bed":2,"minecraft:coal":47,"minecraft:cobblestone":160,"minecraft:egg":1},"minecraft:custom":{"minecraft:time_since_rest":1877,"minecraft:interact_with_furnace":12,"minecraft:sprint_one_cm":41312,"minecraft:damage_taken":656,"minecraft:walk_one_cm":113778,"minecraft:damage_dealt":66,"minecraft:open_barrel":11,"minecraft:interact_with_crafting_table":8,"minecraft:fly_one_cm":105849,"minecraft:open_chest":16,"minecraft:crouch_one_cm":952,"minecraft:play_time":38480,"minecraft:deaths":1,"minecraft:sneak_time":659,"minecraft:jump":693,"minecraft:leave_game":2,"minecraft:time_since_death":22815,"minecraft:sleep_in_bed":1,"minecraft:climb_one_cm":2262,"minecraft:total_world_time":38480,"minecraft:fall_one_cm":17173,"minecraft:horse_one_cm":215203},"minecraft:used":{"minecraft:wooden_axe":3,"minecraft:stone_sword":19,"minecraft:stone_shovel":44,"minecraft:stone_pickaxe":213,"minecraft:wooden_pickaxe":17,"minecraft:torch":7,"minecraft:cobblestone":10,"minecraft:cooked_porkchop":3,"minecraft:gray_bed":1},"minecraft:mined":{"minecraft:iron_ore":2,"minecraft:sweet_berry_bush":3,"minecraft:gray_bed":2,"minecraft:spruce_log":3,"minecraft:powder_snow":19,"minecraft:crafting_table":1,"minecraft:grass":2,"minecraft:grass_block":22,"minecraft:coal_ore":48,"minecraft:polished_andesite_stairs":1,"minecraft:vine":1,"minecraft:gravel":1,"minecraft:dirt":22,"minecraft:andesite_wall":2,"minecraft:copper_ore":2,"minecraft:cobblestone":1,"minecraft:stone":165,"minecraft:oak_leaves":1},"minecraft:broken":{"minecraft:stone_pickaxe":1},"minecraft:crafted":{"minecraft:stone_shovel":1,"minecraft:crafting_table":1,"minecraft:spruce_planks":20,"minecraft:stick":20,"minecraft:wooden_pickaxe":1,"minecraft:stone_pickaxe":2,"minecraft:wooden_axe":1,"minecraft:stone_sword":2,"minecraft:torch":12,"minecraft:stone_hoe":1}},"DataVersion":3465}