{"stats":{"minecraft:killed_by":{"minecraft:player":1},"minecraft:picked_up":{"minecraft:crafting_table":1,"minecraft:spruce_log":5,"minecraft:raw_copper":3,"minecraft:cobblestone":148,"minecraft:coal":31,"minecraft:egg":1},"minecraft:custom":{"minecraft:time_since_rest":5103,"minecraft:interact_with_furnace":5,"minecraft:crouch_one_cm":852,"minecraft:damage_taken":457,"minecraft:play_time":20735,"minecraft:sprint_one_cm":10056,"minecraft:deaths":1,"minecraft:walk_one_cm":65069,"minecraft:sneak_time":574,"minecraft:jump":316,"minecraft:damage_dealt":66,"minecraft:leave_game":2,"minecraft:time_since_death":5070,"minecraft:total_world_time":20735,"minecraft:interact_with_crafting_table":7,"minecraft:fall_one_cm":3712,"minecraft:fly_one_cm":27867},"minecraft:used":{"minecraft:torch":3,"minecraft:cobblestone":6,"minecraft:stone_pickaxe":173,"minecraft:wooden_pickaxe":17,"minecraft:wooden_axe":3},"minecraft:mined":{"minecraft:grass":1,"minecraft:coal_ore":32,"minecraft:copper_ore":1,"minecraft:spruce_log":3,"minecraft:stone":155,"minecraft:oak_leaves":1,"minecraft:crafting_table":1},"minecraft:broken":{"minecraft:stone_pickaxe":1},"minecraft:crafted":{"minecraft:stone_sword":2,"minecraft:stone_shovel":1,"minecraft:torch":8,"minecraft:stone_hoe":1,"minecraft:crafting_table":1,"minecraft:spruce_planks":20,"minecraft:stick":20,"minecraft:wooden_pickaxe":1,"minecraft:stone_pickaxe":2,"minecraft:wooden_axe":1}},"DataVersion":3465}