{"stats":{"minecraft:killed_by":{"minecraft:player":1},"minecraft:picked_up":{"minecraft:polished_andesite_stairs":1,"minecraft:raw_iron":2,"minecraft:crafting_table":1,"minecraft:azure_bluet":1,"minecraft:leather":1,"minecraft:torch":1,"minecraft:dandelion":1,"minecraft:gravel":1,"minecraft:spruce_log":5,"minecraft:string":10,"minecraft:dirt":44,"minecraft:raw_copper":5,"minecraft:andesite_wall":2,"minecraft:bone":5,"minecraft:white_concrete_powder":1,"minecraft:wheat_seeds":7,"minecraft:andesite_stairs":1,"minecraft:saddle":1,"minecraft:gray_bed":4,"minecraft:coal":47,"minecraft:cobblestone":160,"minecraft:egg":1},"minecraft:custom":{"minecraft:time_since_rest":543,"minecraft:interact_with_furnace":13,"minecraft:sprint_one_cm":53992,"minecraft:damage_taken":773,"minecraft:walk_one_cm":135944,"minecraft:mob_kills":4,"minecraft:damage_dealt":1054,"minecraft:open_barrel":14,"minecraft:interact_with_crafting_table":8,"minecraft:fly_one_cm":113508,"minecraft:open_chest":16,"minecraft:crouch_one_cm":954,"minecraft:play_time":50480,"minecraft:deaths":1,"minecraft:sneak_time":665,"minecraft:walk_under_water_one_cm":2772,"minecraft:jump":739,"minecraft:leave_game":2,"minecraft:walk_on_water_one_cm":335,"minecraft:time_since_death":34815,"minecraft:sleep_in_bed":2,"minecraft:climb_one_cm":2262,"minecraft:total_world_time":50480,"minecraft:fall_one_cm":18452,"minecraft:horse_one_cm":766423},"minecraft:used":{"minecraft:wooden_axe":3,"minecraft:stone_sword":92,"minecraft:stone_shovel":44,"minecraft:stone_pickaxe":214,"minecraft:wooden_pickaxe":17,"minecraft:torch":8,"minecraft:cobblestone":10,"minecraft:cooked_porkchop":3,"minecraft:gray_bed":3},"minecraft:mined":{"minecraft:iron_ore":2,"minecraft:sweet_berry_bush":3,"minecraft:gray_bed":4,"minecraft:spruce_log":3,"minecraft:powder_snow":50,"minecraft:crafting_table":1,"minecraft:grass":6,"minecraft:grass_block":22,"minecraft:coal_ore":48,"minecraft:polished_andesite_stairs":1,"minecraft:vine":1,"minecraft:gravel":1,"minecraft:dirt":22,"minecraft:andesite_wall":2,"minecraft:tall_grass":3,"minecraft:cobweb":10,"minecraft:copper_ore":2,"minecraft:cobblestone":1,"minecraft:stone":165,"minecraft:oak_leaves":1,"minecraft:wall_torch":1},"minecraft:broken":{"minecraft:stone_pickaxe":1,"minecraft:stone_sword":1},"minecraft:killed":{"cardinal_sins:skeletonofgluttony":4},"minecraft:crafted":{"minecraft:stone_shovel":1,"minecraft:crafting_table":1,"minecraft:spruce_planks":20,"minecraft:stick":20,"minecraft:wooden_pickaxe":1,"minecraft:stone_pickaxe":2,"minecraft:wooden_axe":1,"minecraft:stone_sword":2,"minecraft:torch":12,"minecraft:stone_hoe":1}},"DataVersion":3465}