{"stats":{"minecraft:killed_by":{"minecraft:player":1},"minecraft:picked_up":{"minecraft:crafting_table":1,"minecraft:azure_bluet":1,"minecraft:chainmail_boots":1,"minecraft:leather_leggings":1,"minecraft:stone_slab":2,"minecraft:raw_copper":5,"minecraft:string":10,"minecraft:cooked_salmon":1,"minecraft:smooth_stone_slab":3,"minecraft:iron_leggings":1,"minecraft:item_frame":2,"minecraft:armor_stand":1,"minecraft:cyan_carpet":3,"minecraft:sea_pickle":2,"minecraft:andesite_stairs":1,"minecraft:player_head":4,"minecraft:calcite":9,"minecraft:melon_slice":1,"minecraft:egg":1,"minecraft:raw_iron":10,"minecraft:stick":3,"minecraft:stripped_mangrove_wood":2,"minecraft:torch":19,"sophisticatedbackpacks:backpack":2,"minecraft:mangrove_sign":1,"minecraft:diorite":5,"minecraft:redstone":1,"minecraft:dark_oak_planks":3,"minecraft:waxed_cut_copper_stairs":1,"minecraft:andesite_wall":2,"minecraft:stone_sword":2,"minecraft:rotten_flesh":2,"minecraft:saddle":1,"minecraft:cobblestone":448,"relics:roller_skates":1,"minecraft:leather_chestplate":1,"minecraft:tripwire_hook":2,"minecraft:andesite":23,"minecraft:leather":1,"minecraft:potato":12,"paraglider:spirit_orb":2,"minecraft:flint":2,"minecraft:dirt":75,"minecraft:bone":5,"minecraft:bow":1,"minecraft:wheat_seeds":28,"minecraft:cooked_chicken":1,"minecraft:diamond_helmet":1,"minecraft:gray_bed":5,"minecraft:oak_planks":3,"minecraft:polished_andesite_stairs":1,"hmag:soul_powder":2,"minecraft:stone_brick_slab":2,"minecraft:dandelion":3,"minecraft:gravel":13,"minecraft:white_bed":7,"minecraft:spruce_log":5,"minecraft:barrel":2,"minecraft:mossy_cobblestone":4,"minecraft:white_concrete_powder":1,"minecraft:granite":8,"minecraft:spruce_sign":1,"minecraft:smooth_quartz_slab":2,"minecraft:coal":47},"minecraft:custom":{"minecraft:mob_kills":19,"minecraft:interact_with_crafting_table":14,"minecraft:open_barrel":40,"minecraft:bell_ring":1,"minecraft:damage_dealt_resisted":138,"minecraft:time_since_death":21283,"minecraft:leave_game":2,"minecraft:climb_one_cm":7747,"minecraft:damage_resisted":133,"minecraft:sprint_one_cm":366747,"minecraft:walk_one_cm":487683,"minecraft:drop":8,"minecraft:play_noteblock":15,"minecraft:play_time":164480,"minecraft:deaths":3,"minecraft:sneak_time":1992,"minecraft:walk_under_water_one_cm":11449,"minecraft:jump":2311,"minecraft:walk_on_water_one_cm":17585,"minecraft:total_world_time":164480,"minecraft:interact_with_furnace":42,"minecraft:tune_noteblock":6,"minecraft:sleep_in_bed":11,"minecraft:time_since_rest":11356,"minecraft:damage_taken":4023,"minecraft:damage_dealt":4976,"minecraft:fly_one_cm":478315,"minecraft:swim_one_cm":2103,"minecraft:open_chest":114,"minecraft:crouch_one_cm":4968,"minecraft:fall_one_cm":80911,"minecraft:horse_one_cm":1625502},"minecraft:used":{"minecraft:stone_sword":243,"minecraft:stone_shovel":70,"minecraft:cooked_salmon":2,"minecraft:stone_hoe":90,"minecraft:cooked_chicken":9,"minecraft:rotten_flesh":1,"minecraft:torch":36,"minecraft:dirt":9,"minecraft:wooden_axe":6,"minecraft:barrel":2,"minecraft:item_frame":2,"minecraft:furnace":6,"minecraft:gray_bed":5,"minecraft:potato":13,"minecraft:stone_pickaxe":567,"minecraft:wooden_pickaxe":17,"minecraft:spruce_sign":1,"minecraft:crafting_table":3,"minecraft:white_bed":6,"minecraft:cod":1,"minecraft:apple":10,"minecraft:melon_slice":1,"minecraft:bread":6,"minecraft:gravel":1,"minecraft:cobblestone":50,"minecraft:cooked_porkchop":13},"minecraft:mined":{"minecraft:dark_oak_planks":3,"minecraft:white_bed":6,"minecraft:mossy_cobblestone":4,"minecraft:purple_candle":1,"minecraft:granite":8,"minecraft:grass_block":55,"minecraft:redstone_wire":1,"minecraft:spawner":1,"minecraft:black_stained_glass_pane":2,"minecraft:iron_ore":10,"minecraft:barrel":1,"minecraft:fire":18,"minecraft:andesite":25,"minecraft:vine":1,"minecraft:green_carpet":1,"minecraft:stone":408,"minecraft:player_head":3,"minecraft:waxed_cut_copper_stairs":1,"minecraft:stone_brick_slab":2,"minecraft:powder_snow":50,"minecraft:oak_fence":4,"minecraft:crafting_table":1,"minecraft:torch":8,"minecraft:calcite":7,"minecraft:polished_andesite_stairs":1,"minecraft:rose_bush":1,"minecraft:andesite_wall":2,"minecraft:stone_slab":2,"minecraft:smooth_quartz_slab":2,"minecraft:tall_grass":7,"minecraft:copper_ore":2,"minecraft:cobblestone":9,"minecraft:oak_planks":3,"minecraft:diorite":8,"minecraft:wall_torch":11,"minecraft:sea_pickle":1,"minecraft:wheat":1,"minecraft:sweet_berry_bush":8,"minecraft:gray_bed":5,"minecraft:spruce_log":3,"minecraft:birch_leaves":2,"minecraft:smooth_stone_slab":3,"minecraft:grass":23,"minecraft:coal_ore":48,"minecraft:oak_fence_gate":1,"minecraft:gravel":16,"minecraft:dirt":29,"minecraft:cobweb":10,"minecraft:polished_andesite":3,"minecraft:oak_leaves":1},"minecraft:broken":{"minecraft:stone_sword":1,"minecraft:stone_pickaxe":3},"minecraft:killed":{"cardinal_sins:skeletonofgluttony":4,"minecraft:skeleton":3,"minecraft:husk":8,"minecraft:zombie":1},"minecraft:dropped":{"minecraft:copper_ingot":3,"minecraft:player_head":1,"minecraft:stone_sword":2,"sophisticatedbackpacks:backpack":1,"minecraft:stone_pickaxe":1},"minecraft:crafted":{"minecraft:stone_shovel":1,"minecraft:furnace":6,"minecraft:stone_pickaxe":5,"minecraft:stone_hoe":3,"minecraft:cooked_cod":1,"minecraft:cooked_porkchop":44,"minecraft:crafting_table":2,"minecraft:spruce_planks":20,"minecraft:wooden_pickaxe":1,"minecraft:copper_ingot":5,"minecraft:air":0,"minecraft:stick":40,"minecraft:iron_ingot":10,"minecraft:wooden_axe":1,"minecraft:stone_sword":11,"minecraft:torch":20}},"DataVersion":3465}