{"stats":{"minecraft:killed_by":{"minecraft:player":1},"minecraft:picked_up":{"minecraft:crafting_table":1,"minecraft:azure_bluet":1,"minecraft:leather":1,"minecraft:dirt":50,"minecraft:string":10,"minecraft:raw_copper":5,"minecraft:bone":5,"minecraft:wheat_seeds":23,"minecraft:andesite_stairs":1,"minecraft:gray_bed":5,"minecraft:egg":1,"minecraft:polished_andesite_stairs":1,"minecraft:raw_iron":2,"minecraft:torch":3,"minecraft:dandelion":1,"minecraft:gravel":1,"minecraft:spruce_log":5,"minecraft:andesite_wall":2,"minecraft:white_concrete_powder":1,"minecraft:saddle":1,"minecraft:coal":47,"minecraft:cobblestone":160},"minecraft:custom":{"minecraft:interact_with_furnace":15,"minecraft:mob_kills":4,"minecraft:interact_with_crafting_table":8,"minecraft:open_barrel":20,"minecraft:bell_ring":1,"minecraft:leave_game":2,"minecraft:time_since_death":58815,"minecraft:sleep_in_bed":3,"minecraft:climb_one_cm":2830,"minecraft:time_since_rest":10946,"minecraft:sprint_one_cm":116139,"minecraft:damage_taken":1075,"minecraft:walk_one_cm":181277,"minecraft:damage_dealt":1054,"minecraft:fly_one_cm":178046,"minecraft:open_chest":27,"minecraft:crouch_one_cm":3575,"minecraft:play_time":74480,"minecraft:deaths":1,"minecraft:sneak_time":1235,"minecraft:walk_under_water_one_cm":8207,"minecraft:jump":1078,"minecraft:walk_on_water_one_cm":1401,"minecraft:total_world_time":74480,"minecraft:fall_one_cm":28791,"minecraft:horse_one_cm":1534552},"minecraft:used":{"minecraft:stone_sword":105,"minecraft:stone_shovel":44,"minecraft:stone_pickaxe":222,"minecraft:wooden_pickaxe":17,"minecraft:torch":13,"minecraft:wooden_axe":3,"minecraft:cobblestone":46,"minecraft:cooked_porkchop":8,"minecraft:gray_bed":4},"minecraft:mined":{"minecraft:powder_snow":50,"minecraft:oak_fence":4,"minecraft:crafting_table":1,"minecraft:torch":1,"minecraft:grass_block":30,"minecraft:polished_andesite_stairs":1,"minecraft:andesite_wall":2,"minecraft:copper_ore":2,"minecraft:tall_grass":3,"minecraft:cobblestone":1,"minecraft:wall_torch":1,"minecraft:black_stained_glass_pane":2,"minecraft:iron_ore":2,"minecraft:wheat":1,"minecraft:sweet_berry_bush":8,"minecraft:gray_bed":5,"minecraft:spruce_log":3,"minecraft:birch_leaves":2,"minecraft:grass":7,"minecraft:coal_ore":48,"minecraft:oak_fence_gate":1,"minecraft:vine":1,"minecraft:gravel":1,"minecraft:dirt":28,"minecraft:green_carpet":1,"minecraft:cobweb":10,"minecraft:polished_andesite":3,"minecraft:stone":165,"minecraft:oak_leaves":1},"minecraft:broken":{"minecraft:stone_pickaxe":1,"minecraft:stone_sword":1},"minecraft:killed":{"cardinal_sins:skeletonofgluttony":4},"minecraft:crafted":{"minecraft:stone_shovel":1,"minecraft:crafting_table":1,"minecraft:spruce_planks":20,"minecraft:wooden_pickaxe":1,"minecraft:stick":20,"minecraft:stone_pickaxe":2,"minecraft:wooden_axe":1,"minecraft:stone_sword":2,"minecraft:torch":12,"minecraft:stone_hoe":1}},"DataVersion":3465}