{"stats":{"minecraft:killed_by":{"minecraft:player":1},"minecraft:picked_up":{"minecraft:raw_iron":2,"minecraft:crafting_table":1,"minecraft:spruce_log":5,"minecraft:dirt":43,"minecraft:raw_copper":5,"minecraft:coal":46,"minecraft:cobblestone":158,"minecraft:egg":1},"minecraft:custom":{"minecraft:time_since_rest":10848,"minecraft:interact_with_furnace":11,"minecraft:sprint_one_cm":19081,"minecraft:damage_taken":517,"minecraft:walk_one_cm":92292,"minecraft:damage_dealt":66,"minecraft:interact_with_crafting_table":7,"minecraft:fly_one_cm":47096,"minecraft:open_chest":2,"minecraft:crouch_one_cm":852,"minecraft:play_time":26480,"minecraft:deaths":1,"minecraft:sneak_time":598,"minecraft:jump":468,"minecraft:leave_game":2,"minecraft:time_since_death":10815,"minecraft:total_world_time":26480,"minecraft:fall_one_cm":7470},"minecraft:used":{"minecraft:wooden_axe":3,"minecraft:stone_shovel":42,"minecraft:stone_pickaxe":202,"minecraft:wooden_pickaxe":17,"minecraft:torch":3,"minecraft:cobblestone":10,"minecraft:cooked_porkchop":1},"minecraft:mined":{"minecraft:iron_ore":2,"minecraft:spruce_log":3,"minecraft:crafting_table":1,"minecraft:grass":1,"minecraft:grass_block":22,"minecraft:coal_ore":47,"minecraft:dirt":22,"minecraft:copper_ore":2,"minecraft:cobblestone":1,"minecraft:stone":163,"minecraft:oak_leaves":1},"minecraft:broken":{"minecraft:stone_pickaxe":1},"minecraft:crafted":{"minecraft:stone_shovel":1,"minecraft:crafting_table":1,"minecraft:spruce_planks":20,"minecraft:stick":20,"minecraft:wooden_pickaxe":1,"minecraft:stone_pickaxe":2,"minecraft:wooden_axe":1,"minecraft:stone_sword":2,"minecraft:torch":12,"minecraft:stone_hoe":1}},"DataVersion":3465}