{"stats":{"minecraft:killed_by":{"minecraft:player":1},"minecraft:picked_up":{"minecraft:crafting_table":1,"relics:roller_skates":1,"minecraft:azure_bluet":1,"minecraft:andesite":23,"minecraft:leather":1,"minecraft:potato":1,"minecraft:flint":2,"minecraft:dirt":75,"minecraft:string":10,"minecraft:raw_copper":5,"minecraft:smooth_stone_slab":3,"minecraft:item_frame":1,"minecraft:bone":5,"minecraft:wheat_seeds":28,"minecraft:andesite_stairs":1,"minecraft:gray_bed":5,"minecraft:oak_planks":3,"minecraft:egg":1,"minecraft:polished_andesite_stairs":1,"minecraft:stick":3,"minecraft:raw_iron":10,"minecraft:torch":9,"minecraft:dandelion":3,"sophisticatedbackpacks:backpack":2,"minecraft:gravel":13,"minecraft:diorite":3,"minecraft:white_bed":1,"minecraft:spruce_log":5,"minecraft:andesite_wall":2,"minecraft:white_concrete_powder":1,"minecraft:granite":8,"minecraft:saddle":1,"minecraft:coal":47,"minecraft:cobblestone":388},"minecraft:custom":{"minecraft:interact_with_furnace":28,"minecraft:mob_kills":7,"minecraft:interact_with_crafting_table":14,"minecraft:open_barrel":20,"minecraft:bell_ring":1,"minecraft:leave_game":2,"minecraft:time_since_death":100815,"minecraft:sleep_in_bed":8,"minecraft:climb_one_cm":2830,"minecraft:time_since_rest":8710,"minecraft:sprint_one_cm":176241,"minecraft:damage_taken":1310,"minecraft:walk_one_cm":305659,"minecraft:drop":6,"minecraft:damage_dealt":1460,"minecraft:swim_one_cm":1270,"minecraft:fly_one_cm":278883,"minecraft:open_chest":92,"minecraft:crouch_one_cm":4526,"minecraft:play_time":116480,"minecraft:deaths":1,"minecraft:sneak_time":1618,"minecraft:walk_under_water_one_cm":8634,"minecraft:jump":1561,"minecraft:walk_on_water_one_cm":2016,"minecraft:total_world_time":116480,"minecraft:fall_one_cm":41959,"minecraft:horse_one_cm":1625502},"minecraft:used":{"minecraft:stone_sword":115,"minecraft:stone_shovel":70,"minecraft:stone_pickaxe":478,"minecraft:wooden_pickaxe":17,"minecraft:cooked_salmon":1,"minecraft:stone_hoe":89,"minecraft:torch":22,"minecraft:dirt":9,"minecraft:crafting_table":3,"minecraft:cod":1,"minecraft:wooden_axe":6,"minecraft:gravel":1,"minecraft:item_frame":1,"minecraft:cobblestone":46,"minecraft:furnace":6,"minecraft:cooked_porkchop":13,"minecraft:gray_bed":5,"minecraft:potato":2},"minecraft:mined":{"minecraft:white_bed":1,"minecraft:powder_snow":50,"minecraft:granite":8,"minecraft:oak_fence":4,"minecraft:crafting_table":1,"minecraft:torch":6,"minecraft:grass_block":55,"minecraft:polished_andesite_stairs":1,"minecraft:andesite_wall":2,"minecraft:copper_ore":2,"minecraft:tall_grass":3,"minecraft:cobblestone":7,"minecraft:oak_planks":3,"minecraft:diorite":6,"minecraft:wall_torch":2,"minecraft:black_stained_glass_pane":2,"minecraft:iron_ore":10,"minecraft:wheat":1,"minecraft:sweet_berry_bush":8,"minecraft:gray_bed":5,"minecraft:spruce_log":3,"minecraft:andesite":25,"minecraft:birch_leaves":2,"minecraft:smooth_stone_slab":3,"minecraft:grass":19,"minecraft:coal_ore":48,"minecraft:oak_fence_gate":1,"minecraft:vine":1,"minecraft:gravel":16,"minecraft:dirt":29,"minecraft:green_carpet":1,"minecraft:cobweb":10,"minecraft:polished_andesite":3,"minecraft:stone":348,"minecraft:oak_leaves":1},"minecraft:broken":{"minecraft:stone_pickaxe":3,"minecraft:stone_sword":1},"minecraft:killed":{"cardinal_sins:skeletonofgluttony":4,"minecraft:zombie":1},"minecraft:dropped":{"minecraft:stone_sword":1,"sophisticatedbackpacks:backpack":1,"minecraft:copper_ingot":3,"minecraft:stone_pickaxe":1},"minecraft:crafted":{"minecraft:cooked_cod":1,"minecraft:stone_shovel":1,"minecraft:crafting_table":2,"minecraft:spruce_planks":20,"minecraft:wooden_pickaxe":1,"minecraft:furnace":6,"minecraft:copper_ingot":5,"minecraft:air":0,"minecraft:stick":40,"minecraft:iron_ingot":2,"minecraft:stone_pickaxe":5,"minecraft:wooden_axe":1,"minecraft:stone_sword":11,"minecraft:torch":20,"minecraft:stone_hoe":3}},"DataVersion":3465}