{"stats":{"minecraft:killed_by":{"minecraft:player":1},"minecraft:picked_up":{"minecraft:crafting_table":1,"relics:roller_skates":1,"minecraft:azure_bluet":1,"minecraft:leather":1,"minecraft:flint":2,"minecraft:dirt":74,"minecraft:string":10,"minecraft:raw_copper":5,"minecraft:smooth_stone_slab":3,"minecraft:item_frame":1,"minecraft:bone":5,"minecraft:wheat_seeds":28,"minecraft:andesite_stairs":1,"minecraft:gray_bed":5,"minecraft:oak_planks":3,"minecraft:egg":1,"minecraft:polished_andesite_stairs":1,"minecraft:raw_iron":2,"minecraft:torch":7,"minecraft:dandelion":3,"sophisticatedbackpacks:backpack":2,"minecraft:gravel":8,"minecraft:diorite":3,"minecraft:spruce_log":5,"minecraft:andesite_wall":2,"minecraft:white_concrete_powder":1,"minecraft:granite":8,"minecraft:saddle":1,"minecraft:coal":47,"minecraft:cobblestone":242},"minecraft:custom":{"minecraft:interact_with_furnace":21,"minecraft:mob_kills":4,"minecraft:interact_with_crafting_table":13,"minecraft:open_barrel":20,"minecraft:bell_ring":1,"minecraft:leave_game":2,"minecraft:time_since_death":82815,"minecraft:sleep_in_bed":6,"minecraft:climb_one_cm":2830,"minecraft:time_since_rest":7635,"minecraft:sprint_one_cm":155092,"minecraft:damage_taken":1105,"minecraft:walk_one_cm":256760,"minecraft:drop":4,"minecraft:damage_dealt":1081,"minecraft:fly_one_cm":226992,"minecraft:open_chest":77,"minecraft:crouch_one_cm":3718,"minecraft:play_time":98480,"minecraft:deaths":1,"minecraft:sneak_time":1263,"minecraft:walk_under_water_one_cm":8207,"minecraft:jump":1256,"minecraft:walk_on_water_one_cm":1401,"minecraft:total_world_time":98480,"minecraft:fall_one_cm":34500,"minecraft:horse_one_cm":1625502},"minecraft:used":{"minecraft:stone_sword":105,"minecraft:stone_shovel":70,"minecraft:stone_pickaxe":330,"minecraft:wooden_pickaxe":17,"minecraft:stone_hoe":88,"minecraft:torch":18,"minecraft:crafting_table":2,"minecraft:cod":1,"minecraft:wooden_axe":6,"minecraft:item_frame":1,"minecraft:cobblestone":46,"minecraft:furnace":6,"minecraft:cooked_porkchop":9,"minecraft:gray_bed":5},"minecraft:mined":{"minecraft:powder_snow":50,"minecraft:granite":8,"minecraft:oak_fence":4,"minecraft:crafting_table":1,"minecraft:torch":5,"minecraft:grass_block":54,"minecraft:polished_andesite_stairs":1,"minecraft:andesite_wall":2,"minecraft:copper_ore":2,"minecraft:tall_grass":3,"minecraft:cobblestone":7,"minecraft:oak_planks":3,"minecraft:diorite":3,"minecraft:wall_torch":1,"minecraft:black_stained_glass_pane":2,"minecraft:iron_ore":2,"minecraft:wheat":1,"minecraft:sweet_berry_bush":8,"minecraft:gray_bed":5,"minecraft:spruce_log":3,"minecraft:birch_leaves":2,"minecraft:smooth_stone_slab":3,"minecraft:grass":14,"minecraft:coal_ore":48,"minecraft:oak_fence_gate":1,"minecraft:vine":1,"minecraft:gravel":10,"minecraft:dirt":29,"minecraft:green_carpet":1,"minecraft:cobweb":10,"minecraft:polished_andesite":3,"minecraft:stone":243,"minecraft:oak_leaves":1},"minecraft:broken":{"minecraft:stone_pickaxe":2,"minecraft:stone_sword":1},"minecraft:killed":{"cardinal_sins:skeletonofgluttony":4},"minecraft:dropped":{"minecraft:copper_ingot":3,"minecraft:stone_pickaxe":1},"minecraft:crafted":{"minecraft:cooked_cod":1,"minecraft:stone_shovel":1,"minecraft:crafting_table":1,"minecraft:spruce_planks":20,"minecraft:wooden_pickaxe":1,"minecraft:furnace":6,"minecraft:copper_ingot":5,"minecraft:air":0,"minecraft:stick":28,"minecraft:iron_ingot":2,"minecraft:stone_pickaxe":5,"minecraft:wooden_axe":1,"minecraft:stone_sword":2,"minecraft:torch":20,"minecraft:stone_hoe":3}},"DataVersion":3465}