{"stats":{"minecraft:killed_by":{"minecraft:player":1},"minecraft:picked_up":{"minecraft:stick":1,"minecraft:chicken":1,"minecraft:sweet_berries":7,"minecraft:torch":4,"minecraft:oak_log":11,"minecraft:white_bed":1,"minecraft:diorite":12,"minecraft:spruce_log":14,"minecraft:dirt":1,"minecraft:andesite_stairs":1,"minecraft:mutton":5,"minecraft:oak_sapling":2,"minecraft:coal":67,"minecraft:white_wool":3,"minecraft:cobblestone":164},"minecraft:custom":{"minecraft:time_since_rest":1877,"minecraft:sprint_one_cm":35795,"minecraft:interact_with_furnace":5,"minecraft:damage_taken":1645,"minecraft:walk_one_cm":140075,"minecraft:mob_kills":4,"minecraft:drop":3,"minecraft:damage_dealt":551,"minecraft:interact_with_crafting_table":6,"minecraft:fly_one_cm":54872,"minecraft:player_kills":1,"minecraft:open_barrel":9,"minecraft:open_chest":14,"minecraft:crouch_one_cm":1234,"minecraft:play_time":40283,"minecraft:deaths":2,"minecraft:sneak_time":604,"minecraft:jump":662,"minecraft:leave_game":1,"minecraft:time_since_death":24870,"minecraft:sleep_in_bed":1,"minecraft:climb_one_cm":879,"minecraft:total_world_time":40283,"minecraft:fall_one_cm":25350,"minecraft:horse_one_cm":337022},"minecraft:used":{"minecraft:wooden_axe":26,"minecraft:stone_pickaxe":122,"minecraft:wooden_pickaxe":118,"minecraft:torch":2,"minecraft:cobblestone":1,"minecraft:white_bed":1,"minecraft:cooked_beef":2,"hmag:spectral_soup":1},"minecraft:mined":{"minecraft:white_bed":1,"minecraft:spruce_log":16,"minecraft:powder_snow":6,"minecraft:torch":1,"minecraft:grass":19,"minecraft:oak_log":11,"minecraft:coal_ore":66,"minecraft:dirt":1,"minecraft:tall_grass":4,"minecraft:cobblestone":2,"minecraft:stone":158,"minecraft:wall_torch":2,"minecraft:diorite":12,"minecraft:oak_leaves":5,"minecraft:fern":1},"minecraft:broken":{"minecraft:wooden_pickaxe":2},"minecraft:killed":{"minecraft:sheep":3,"minecraft:chicken":1},"minecraft:dropped":{"minecraft:bowl":1,"minecraft:oak_sapling":2},"minecraft:crafted":{"minecraft:charcoal":1,"minecraft:stick":12,"minecraft:spruce_planks":40,"minecraft:wooden_pickaxe":2,"minecraft:stone_pickaxe":1,"minecraft:wooden_axe":2,"minecraft:white_bed":1,"minecraft:torch":4,"minecraft:air":0}},"DataVersion":3465}