{"stats":{"minecraft:killed_by":{"minecraft:player":1},"minecraft:picked_up":{"relics:roller_skates":1,"minecraft:crafting_table":1,"minecraft:wheat":6,"minecraft:chicken":1,"minecraft:leather":1,"minecraft:oak_log":11,"minecraft:dirt":20,"minecraft:raw_copper":4,"various_world:sculk_fruit":2,"minecraft:wheat_seeds":17,"minecraft:andesite_stairs":1,"minecraft:poppy":1,"minecraft:stick":1,"minecraft:sweet_berries":7,"minecraft:torch":7,"minecraft:diorite":12,"minecraft:white_bed":3,"minecraft:spruce_log":14,"minecraft:iron_horse_armor":1,"minecraft:pumpkin_seeds":1,"minecraft:saddle":1,"minecraft:oak_sapling":2,"minecraft:mutton":10,"minecraft:coal":67,"minecraft:white_wool":3,"minecraft:cobblestone":164},"minecraft:custom":{"minecraft:interact_with_furnace":5,"minecraft:mob_kills":5,"minecraft:interact_with_crafting_table":12,"minecraft:open_barrel":27,"minecraft:leave_game":1,"minecraft:time_since_death":60870,"minecraft:sleep_in_bed":3,"minecraft:climb_one_cm":879,"minecraft:time_since_rest":10946,"minecraft:sprint_one_cm":149407,"minecraft:damage_taken":2325,"minecraft:walk_one_cm":249127,"minecraft:drop":37,"minecraft:damage_dealt":1303,"minecraft:swim_one_cm":1941,"minecraft:fly_one_cm":115192,"minecraft:player_kills":1,"minecraft:open_chest":29,"minecraft:crouch_one_cm":2899,"minecraft:play_time":76283,"minecraft:deaths":2,"minecraft:sneak_time":891,"minecraft:walk_under_water_one_cm":4361,"minecraft:jump":985,"minecraft:walk_on_water_one_cm":2025,"minecraft:total_world_time":76283,"minecraft:fall_one_cm":34274,"minecraft:horse_one_cm":1250858},"minecraft:used":{"minecraft:diorite":8,"minecraft:stone_pickaxe":126,"minecraft:wooden_pickaxe":118,"minecraft:torch":8,"minecraft:dirt":8,"minecraft:crafting_table":1,"minecraft:white_bed":3,"hmag:spectral_soup":1,"minecraft:wooden_axe":40,"minecraft:stone_axe":5,"minecraft:cobblestone":1,"minecraft:cooked_beef":11},"minecraft:mined":{"minecraft:white_bed":3,"minecraft:glass_pane":2,"minecraft:powder_snow":13,"minecraft:crafting_table":1,"minecraft:torch":3,"minecraft:tall_grass":4,"minecraft:cobblestone":2,"minecraft:spruce_leaves":2,"minecraft:diorite":12,"minecraft:wall_torch":3,"minecraft:white_concrete_powder":3,"minecraft:black_stained_glass_pane":2,"minecraft:spruce_log":16,"minecraft:grass":19,"minecraft:coal_ore":66,"minecraft:oak_log":11,"minecraft:dirt_path":2,"minecraft:dirt":7,"minecraft:smooth_quartz":1,"minecraft:stone":158,"minecraft:oak_leaves":5,"minecraft:fern":1},"minecraft:broken":{"minecraft:wooden_pickaxe":2},"minecraft:killed":{"cardinal_sins:skeletonofgluttony":1,"minecraft:sheep":3,"minecraft:chicken":1},"minecraft:crafted":{"minecraft:crafting_table":1,"minecraft:spruce_planks":56,"minecraft:wooden_pickaxe":2,"minecraft:stone_axe":1,"minecraft:air":0,"minecraft:charcoal":1,"minecraft:stick":20,"minecraft:stone_pickaxe":2,"minecraft:wooden_axe":2,"minecraft:stone_sword":1,"minecraft:white_bed":1,"minecraft:torch":4},"minecraft:dropped":{"minecraft:sweet_berries":7,"minecraft:wheat_seeds":17,"minecraft:bowl":1,"minecraft:leather":1,"minecraft:dirt":10,"relics:roller_skates":1,"minecraft:mutton":10,"minecraft:wooden_axe":1,"minecraft:oak_sapling":2,"minecraft:andesite_stairs":1}},"DataVersion":3465}