{"stats":{"minecraft:killed_by":{"minecraft:player":1},"minecraft:picked_up":{"minecraft:crafting_table":2,"minecraft:wheat":6,"minecraft:chicken":1,"minecraft:stone_slab":2,"minecraft:stone_brick_stairs":3,"minecraft:cornflower":1,"minecraft:string":4,"minecraft:raw_copper":11,"various_world:sculk_fruit":2,"minecraft:cyan_carpet":5,"minecraft:gold_nugget":11,"minecraft:cobbled_deepslate":64,"minecraft:spruce_planks":1,"minecraft:beef":14,"minecraft:andesite_stairs":1,"minecraft:player_head":1,"minecraft:calcite":1,"minecraft:poppy":2,"minecraft:chest":1,"minecraft:egg":3,"minecraft:stick":1,"minecraft:stripped_mangrove_wood":2,"minecraft:oak_fence":3,"minecraft:torch":13,"minecraft:diorite":13,"minecraft:iron_horse_armor":1,"minecraft:stone_sword":2,"minecraft:arrow":3,"minecraft:mangrove_stairs":1,"minecraft:rotten_flesh":7,"minecraft:saddle":1,"minecraft:gold_ingot":2,"minecraft:mutton":10,"undead_revamp2:arapholia":1,"minecraft:skeleton_skull":1,"minecraft:white_wool":9,"minecraft:cobblestone":243,"relics:roller_skates":1,"minecraft:cooked_beef":2,"minecraft:leather":11,"minecraft:filled_map":1,"minecraft:tuff":7,"minecraft:oak_log":11,"minecraft:mangrove_slab":2,"minecraft:dirt":43,"minecraft:lantern":1,"minecraft:cooked_mutton":15,"minecraft:bone":4,"minecraft:wheat_seeds":19,"minecraft:iron_ingot":4,"minecraft:oak_fence_gate":3,"minecraft:oak_planks":1,"minecraft:cooked_porkchop":29,"minecraft:sweet_berries":7,"minecraft:gravel":1,"minecraft:white_bed":16,"minecraft:spruce_log":14,"minecraft:polished_andesite":2,"minecraft:pumpkin_seeds":1,"minecraft:iron_helmet":1,"minecraft:gray_wool":2,"minecraft:oak_sapling":2,"minecraft:black_wool":1,"minecraft:coal":94},"minecraft:custom":{"minecraft:mob_kills":40,"minecraft:interact_with_crafting_table":25,"minecraft:open_barrel":46,"minecraft:damage_dealt_resisted":665,"minecraft:eat_cake_slice":7,"minecraft:time_since_death":22261,"minecraft:leave_game":7,"minecraft:climb_one_cm":5008,"minecraft:damage_resisted":153,"minecraft:sprint_one_cm":1218792,"minecraft:walk_one_cm":1114596,"minecraft:drop":90,"minecraft:talked_to_villager":1,"minecraft:play_time":203027,"minecraft:deaths":4,"minecraft:sneak_time":1337,"minecraft:walk_under_water_one_cm":10583,"minecraft:jump":2640,"minecraft:walk_on_water_one_cm":5848,"minecraft:total_world_time":203027,"minecraft:interact_with_furnace":8,"minecraft:tune_noteblock":2,"minecraft:sleep_in_bed":20,"minecraft:time_since_rest":18711,"minecraft:damage_taken":6814,"minecraft:damage_dealt":4374,"minecraft:swim_one_cm":14873,"minecraft:fly_one_cm":746399,"minecraft:player_kills":1,"minecraft:open_chest":149,"minecraft:crouch_one_cm":4119,"minecraft:fall_one_cm":89784,"minecraft:horse_one_cm":1266413},"minecraft:used":{"minecraft:oak_fence":2,"minecraft:stone_sword":118,"minecraft:chest":1,"minecraft:spruce_planks":1,"minecraft:cooked_salmon":10,"minecraft:player_head":1,"minecraft:torch":17,"minecraft:dirt":31,"minecraft:tuff":7,"minecraft:oak_fence_gate":3,"minecraft:milk_bucket":2,"minecraft:wooden_axe":40,"minecraft:lava_bucket":56,"minecraft:mangrove_stairs":1,"minecraft:stone_brick_stairs":3,"minecraft:mangrove_slab":2,"minecraft:cooked_beef":17,"minecraft:cobbled_deepslate":64,"minecraft:calcite":1,"minecraft:cooked_mutton":10,"minecraft:water_bucket":1,"minecraft:diorite":8,"minecraft:polished_andesite":1,"minecraft:stone_pickaxe":319,"minecraft:wooden_pickaxe":118,"minecraft:white_wool":1,"minecraft:crafting_table":3,"minecraft:red_bed":1,"minecraft:white_bed":13,"hmag:spectral_soup":1,"minecraft:spruce_log":1,"minecraft:apple":9,"minecraft:bread":26,"minecraft:stone_slab":2,"minecraft:gravel":1,"minecraft:stone_axe":27,"minecraft:cobblestone":58,"minecraft:cooked_porkchop":5,"minecraft:bucket":57},"minecraft:mined":{"minecraft:tuff":7,"minecraft:spruce_planks":1,"minecraft:white_bed":17,"minecraft:grass_block":19,"minecraft:spruce_leaves":2,"minecraft:white_concrete_powder":3,"minecraft:black_stained_glass_pane":2,"minecraft:cobbled_deepslate":2,"minecraft:fire":6,"minecraft:dirt_path":3,"minecraft:lantern":1,"minecraft:stone":227,"minecraft:podzol":1,"minecraft:mangrove_stairs":2,"minecraft:glass_pane":10,"minecraft:powder_snow":13,"minecraft:oak_fence":6,"minecraft:crafting_table":2,"minecraft:torch":8,"minecraft:calcite":3,"minecraft:poppy":1,"minecraft:chest":1,"minecraft:stone_slab":2,"minecraft:tall_grass":9,"minecraft:cobblestone":4,"minecraft:oak_planks":1,"minecraft:diorite":13,"minecraft:wall_torch":4,"minecraft:skeleton_skull":1,"minecraft:spruce_log":16,"minecraft:stone_brick_stairs":3,"minecraft:grass":55,"minecraft:coal_ore":94,"minecraft:oak_log":11,"minecraft:oak_fence_gate":3,"minecraft:gravel":1,"minecraft:cyan_carpet":1,"minecraft:smooth_quartz":1,"minecraft:dirt":13,"minecraft:cobweb":4,"minecraft:polished_andesite":1,"minecraft:oak_leaves":9,"minecraft:deepslate":63,"minecraft:fern":2},"minecraft:broken":{"minecraft:leather_helmet":1,"minecraft:leather_leggings":1,"minecraft:wooden_pickaxe":2,"minecraft:stone_pickaxe":2,"minecraft:leather_boots":1},"minecraft:killed":{"cardinal_sins:skeletonofgluttony":1,"undead_revamp2:theswarmer":1,"minecraft:skeleton":7,"minecraft:chicken":1,"minecraft:husk":1,"hmag:ghost":1,"minecraft:pig":6,"undead_revamp2:the_moonflower":1,"minecraft:sheep":6,"minecraft:zombie":1,"minecraft:donkey":1,"minecraft:cow":6},"minecraft:crafted":{"minecraft:stone_pickaxe":3,"minecraft:chest":1,"minecraft:red_dye":1,"sophisticatedbackpacks:backpack":1,"minecraft:crafting_table":2,"minecraft:spruce_planks":60,"minecraft:wooden_pickaxe":2,"minecraft:red_bed":1,"minecraft:stone_axe":1,"minecraft:air":0,"minecraft:charcoal":1,"minecraft:stick":24,"minecraft:wooden_axe":2,"minecraft:stone_sword":1,"minecraft:white_bed":1,"minecraft:torch":4},"minecraft:dropped":{"minecraft:stripped_mangrove_wood":2,"minecraft:wheat_seeds":17,"minecraft:oak_fence":1,"minecraft:iron_helmet":1,"minecraft:cobblestone":4,"minecraft:book":1,"minecraft:lantern":1,"minecraft:leather":1,"minecraft:stick":2,"minecraft:polished_andesite":1,"minecraft:dirt":10,"minecraft:gray_wool":2,"relics:roller_skates":1,"minecraft:diorite":1,"minecraft:mutton":10,"minecraft:wooden_axe":1,"minecraft:gold_nugget":11,"minecraft:white_wool":5,"minecraft:cyan_carpet":5,"minecraft:bone":3,"minecraft:sweet_berries":7,"minecraft:stone_sword":1,"minecraft:raw_copper":11,"minecraft:bowl":1,"undead_revamp2:arapholia":1,"hmag:evil_arrow":2,"minecraft:rotten_flesh":7,"minecraft:oak_planks":1,"minecraft:white_bed":2,"minecraft:spruce_planks":1,"minecraft:skeleton_skull":1,"minecraft:andesite_stairs":1,"minecraft:oak_sapling":2,"minecraft:black_wool":1,"minecraft:egg":3}},"DataVersion":3465}