{"stats":{"minecraft:killed_by":{"minecraft:player":1},"minecraft:picked_up":{"relics:roller_skates":1,"minecraft:crafting_table":1,"minecraft:wheat":6,"minecraft:chicken":1,"minecraft:leather":6,"minecraft:filled_map":1,"minecraft:stone_brick_stairs":1,"minecraft:oak_log":11,"minecraft:dirt":24,"minecraft:raw_copper":11,"various_world:sculk_fruit":2,"minecraft:wheat_seeds":17,"minecraft:gold_nugget":11,"minecraft:beef":6,"minecraft:spruce_planks":1,"minecraft:iron_ingot":4,"minecraft:oak_fence_gate":3,"minecraft:andesite_stairs":1,"minecraft:poppy":2,"minecraft:chest":1,"minecraft:oak_planks":1,"minecraft:stick":1,"minecraft:sweet_berries":7,"minecraft:oak_fence":1,"minecraft:torch":11,"minecraft:diorite":12,"minecraft:white_bed":7,"minecraft:spruce_log":14,"minecraft:iron_horse_armor":1,"minecraft:polished_andesite":2,"minecraft:pumpkin_seeds":1,"minecraft:gold_ingot":2,"minecraft:saddle":1,"minecraft:oak_sapling":2,"minecraft:mutton":10,"minecraft:coal":67,"minecraft:white_wool":3,"minecraft:cobblestone":171},"minecraft:custom":{"minecraft:interact_with_furnace":5,"minecraft:mob_kills":8,"minecraft:interact_with_crafting_table":22,"minecraft:open_barrel":27,"minecraft:leave_game":1,"minecraft:time_since_death":84870,"minecraft:sleep_in_bed":5,"minecraft:climb_one_cm":3636,"minecraft:time_since_rest":7635,"minecraft:sprint_one_cm":329375,"minecraft:damage_taken":2643,"minecraft:walk_one_cm":458706,"minecraft:drop":51,"minecraft:damage_dealt":1603,"minecraft:swim_one_cm":14427,"minecraft:fly_one_cm":156177,"minecraft:player_kills":1,"minecraft:open_chest":81,"minecraft:crouch_one_cm":2907,"minecraft:play_time":100283,"minecraft:deaths":2,"minecraft:sneak_time":929,"minecraft:walk_under_water_one_cm":5938,"minecraft:jump":1124,"minecraft:walk_on_water_one_cm":3576,"minecraft:total_world_time":100283,"minecraft:fall_one_cm":39005,"minecraft:horse_one_cm":1266413},"minecraft:used":{"minecraft:diorite":8,"minecraft:stone_sword":10,"minecraft:polished_andesite":1,"minecraft:stone_pickaxe":138,"minecraft:spruce_planks":1,"minecraft:chest":1,"minecraft:wooden_pickaxe":118,"minecraft:torch":13,"minecraft:dirt":12,"minecraft:crafting_table":1,"minecraft:red_bed":1,"minecraft:white_bed":7,"hmag:spectral_soup":1,"minecraft:oak_fence_gate":3,"minecraft:wooden_axe":40,"minecraft:bread":9,"minecraft:stone_brick_stairs":1,"minecraft:stone_axe":12,"minecraft:cobblestone":3,"minecraft:cooked_beef":11},"minecraft:mined":{"minecraft:spruce_planks":1,"minecraft:white_bed":7,"minecraft:glass_pane":2,"minecraft:powder_snow":13,"minecraft:oak_fence":2,"minecraft:crafting_table":1,"minecraft:torch":7,"minecraft:grass_block":2,"minecraft:poppy":1,"minecraft:chest":1,"minecraft:tall_grass":4,"minecraft:cobblestone":4,"minecraft:spruce_leaves":2,"minecraft:oak_planks":1,"minecraft:diorite":12,"minecraft:wall_torch":3,"minecraft:white_concrete_powder":3,"minecraft:black_stained_glass_pane":2,"minecraft:spruce_log":16,"minecraft:stone_brick_stairs":1,"minecraft:grass":21,"minecraft:coal_ore":66,"minecraft:oak_log":11,"minecraft:dirt_path":2,"minecraft:oak_fence_gate":3,"minecraft:dirt":9,"minecraft:smooth_quartz":1,"minecraft:polished_andesite":1,"minecraft:stone":163,"minecraft:oak_leaves":5,"minecraft:fern":1},"minecraft:broken":{"minecraft:stone_pickaxe":1,"minecraft:wooden_pickaxe":2},"minecraft:killed":{"cardinal_sins:skeletonofgluttony":1,"minecraft:sheep":3,"minecraft:chicken":1,"minecraft:cow":3},"minecraft:dropped":{"minecraft:sweet_berries":7,"minecraft:wheat_seeds":17,"minecraft:raw_copper":11,"minecraft:bowl":1,"minecraft:oak_fence":1,"minecraft:cobblestone":2,"minecraft:oak_planks":1,"minecraft:leather":1,"minecraft:polished_andesite":1,"minecraft:dirt":10,"relics:roller_skates":1,"minecraft:spruce_planks":1,"minecraft:mutton":10,"minecraft:wooden_axe":1,"minecraft:oak_sapling":2,"minecraft:andesite_stairs":1,"minecraft:gold_nugget":11},"minecraft:crafted":{"minecraft:red_dye":1,"minecraft:crafting_table":1,"minecraft:spruce_planks":56,"minecraft:wooden_pickaxe":2,"minecraft:red_bed":1,"minecraft:stone_axe":1,"minecraft:air":0,"minecraft:charcoal":1,"minecraft:stick":24,"minecraft:stone_pickaxe":3,"minecraft:wooden_axe":2,"minecraft:stone_sword":1,"minecraft:chest":1,"minecraft:white_bed":1,"minecraft:torch":4}},"DataVersion":3465}