{"stats":{"minecraft:custom":{"minecraft:mob_kills":78,"minecraft:interact_with_crafting_table":33,"minecraft:open_barrel":60,"minecraft:damage_dealt_resisted":900,"minecraft:eat_cake_slice":7,"minecraft:leave_game":13,"minecraft:time_since_death":18953,"minecraft:climb_one_cm":9661,"minecraft:damage_resisted":153,"minecraft:sprint_one_cm":1755988,"minecraft:walk_one_cm":1778630,"minecraft:drop":147,"minecraft:talked_to_villager":1,"minecraft:play_time":376541,"minecraft:deaths":22,"minecraft:sneak_time":27406,"minecraft:walk_under_water_one_cm":51363,"minecraft:jump":4863,"minecraft:walk_on_water_one_cm":10308,"minecraft:total_world_time":376541,"minecraft:interact_with_furnace":8,"minecraft:tune_noteblock":2,"minecraft:sleep_in_bed":30,"minecraft:time_since_rest":19154,"minecraft:damage_taken":17605,"minecraft:damage_absorbed":80,"minecraft:damage_dealt":14893,"minecraft:swim_one_cm":24414,"minecraft:fly_one_cm":1200970,"minecraft:player_kills":1,"minecraft:open_chest":180,"minecraft:crouch_one_cm":121561,"minecraft:fall_one_cm":168885,"minecraft:horse_one_cm":1266413},"minecraft:used":{"minecraft:oak_fence":4,"minecraft:stone_sword":484,"minecraft:chest":1,"minecraft:spruce_planks":47,"minecraft:cooked_salmon":10,"minecraft:player_head":1,"minecraft:torch":59,"minecraft:dirt":43,"minecraft:mutton":4,"minecraft:tuff":7,"minecraft:oak_fence_gate":3,"minecraft:milk_bucket":2,"minecraft:wooden_axe":40,"minecraft:lava_bucket":90,"minecraft:mangrove_stairs":1,"hmag:golden_tropical_fish":1,"minecraft:stone_brick_stairs":3,"minecraft:mangrove_slab":2,"minecraft:cooked_beef":17,"minecraft:potato":50,"minecraft:cobbled_deepslate":166,"minecraft:calcite":1,"minecraft:cooked_mutton":15,"minecraft:water_bucket":30,"minecraft:diorite":11,"minecraft:cobblestone_stairs":1,"minecraft:polished_andesite":1,"minecraft:stone_pickaxe":785,"minecraft:wooden_pickaxe":118,"minecraft:white_wool":1,"minecraft:crafting_table":6,"minecraft:red_bed":1,"minecraft:white_bed":24,"minecraft:dripstone_block":1,"hmag:spectral_soup":1,"minecraft:spruce_log":1,"minecraft:apple":9,"minecraft:bread":54,"minecraft:stone_slab":2,"minecraft:gravel":1,"minecraft:stone_axe":334,"minecraft:cobblestone":111,"majruszsdifficulty:warden_treasure_bag":1,"minecraft:cooked_porkchop":32,"minecraft:bucket":120,"minecraft:pumpkin_pie":1,"minecraft:candle":2},"minecraft:dropped":{"minecraft:stripped_mangrove_wood":2,"minecraft:wheat_seeds":23,"reliquary:mob_charm_fragment":1,"minecraft:cooked_porkchop":6,"minecraft:oak_fence":1,"minecraft:iron_helmet":1,"minecraft:cobblestone":8,"minecraft:glow_berries":1,"minecraft:book":1,"minecraft:lantern":1,"minecraft:leather":3,"minecraft:stick":3,"minecraft:polished_andesite":1,"minecraft:dirt":10,"minecraft:gray_wool":2,"relics:roller_skates":1,"minecraft:diorite":15,"minecraft:cornflower":1,"minecraft:mutton":10,"minecraft:wooden_axe":1,"minecraft:smooth_quartz":1,"minecraft:gold_nugget":11,"minecraft:white_wool":5,"minecraft:cyan_carpet":5,"minecraft:bone":10,"minecraft:stone_axe":1,"minecraft:sweet_berries":9,"minecraft:stone_sword":1,"minecraft:raw_copper":11,"minecraft:bowl":1,"undead_revamp2:arapholia":1,"hmag:evil_arrow":2,"minecraft:rotten_flesh":22,"artifacts:villager_hat":1,"minecraft:oak_planks":1,"minecraft:white_bed":2,"minecraft:shears":1,"minecraft:spruce_planks":1,"minecraft:skeleton_skull":1,"minecraft:andesite_stairs":1,"minecraft:oak_sapling":34,"minecraft:spider_eye":2,"minecraft:stone_pickaxe":1,"minecraft:black_wool":1,"reliquary:zombie_heart":1,"minecraft:egg":4},"minecraft:mined":{"minecraft:tuff":23,"minecraft:spruce_planks":6,"minecraft:white_bed":27,"minecraft:sculk_vein":89,"minecraft:red_nether_bricks":2,"minecraft:nether_bricks":1,"minecraft:grass_block":22,"minecraft:white_stained_glass":2,"minecraft:white_concrete":1,"minecraft:spruce_leaves":2,"minecraft:white_concrete_powder":3,"minecraft:spawner":2,"minecraft:black_stained_glass_pane":6,"minecraft:sculk_catalyst":5,"minecraft:iron_ore":1,"minecraft:fire":6,"minecraft:cobbled_deepslate":8,"minecraft:andesite":5,"minecraft:deepslate_lapis_ore":1,"minecraft:azure_bluet":1,"minecraft:bookshelf":1,"minecraft:dirt_path":3,"minecraft:lantern":1,"minecraft:smooth_quartz_stairs":1,"minecraft:stone":401,"minecraft:podzol":1,"minecraft:mangrove_stairs":2,"minecraft:glass_pane":17,"minecraft:brown_carpet":16,"minecraft:powder_snow":13,"minecraft:oak_fence":8,"minecraft:crafting_table":4,"minecraft:torch":26,"minecraft:calcite":4,"minecraft:poppy":1,"minecraft:chest":1,"minecraft:sculk_sensor":16,"minecraft:stone_slab":2,"minecraft:cobblestone":18,"minecraft:tall_grass":18,"minecraft:lapis_ore":1,"minecraft:oak_planks":1,"minecraft:sculk":1032,"minecraft:diorite":48,"minecraft:wall_torch":11,"minecraft:skeleton_skull":1,"minecraft:air":13,"minecraft:light_gray_stained_glass":2,"minecraft:spruce_log":188,"minecraft:birch_leaves":1,"minecraft:stone_brick_stairs":3,"minecraft:grass":75,"minecraft:mangrove_slab":1,"minecraft:coal_ore":121,"minecraft:oak_log":11,"minecraft:oak_fence_gate":3,"minecraft:smooth_quartz":2,"minecraft:cyan_carpet":1,"minecraft:gravel":17,"minecraft:dripstone_block":1,"minecraft:dirt":23,"minecraft:cobweb":4,"minecraft:polished_andesite":1,"minecraft:oak_leaves":9,"minecraft:deepslate":125,"minecraft:fern":3},"minecraft:crafted":{"minecraft:stone_pickaxe":7,"minecraft:chest":1,"minecraft:red_dye":1,"sophisticatedbackpacks:backpack":1,"minecraft:crafting_table":3,"minecraft:spruce_planks":628,"minecraft:wooden_pickaxe":2,"minecraft:red_bed":1,"minecraft:stone_axe":4,"minecraft:air":0,"minecraft:charcoal":1,"minecraft:stick":36,"minecraft:wooden_axe":2,"minecraft:stone_sword":5,"minecraft:white_bed":1,"minecraft:torch":20},"minecraft:killed":{"cardinal_sins:skeletonofgluttony":1,"undead_revamp2:thehunter":3,"hmag:skeleton_girl":1,"undead_revamp2:theswarmer":1,"minecraft:skeleton":11,"minecraft:chicken":2,"undead_revamp2:sucker":2,"minecraft:husk":9,"hmag:ghost":2,"minecraft:pig":10,"undead_revamp2:the_moonflower":2,"minecraft:sheep":6,"undead_revamp2:thesomnolence":1,"minecraft:zombie":7,"minecraft:donkey":1,"enemyexpansion:botfly":1,"various_world:wandering_spirit_summoned_of_sculks":1,"minecraft:villager":1,"minecraft:cow":7},"minecraft:broken":{"minecraft:leather_helmet":1,"minecraft:stone_sword":4,"minecraft:leather_leggings":1,"minecraft:wooden_pickaxe":2,"minecraft:stone_pickaxe":5,"minecraft:leather_boots":1,"minecraft:stone_axe":3},"minecraft:picked_up":{"minecraft:crafting_table":4,"minecraft:wheat":6,"minecraft:chainmail_boots":1,"minecraft:chicken":1,"minecraft:stone_slab":2,"minecraft:stone_brick_stairs":3,"minecraft:cornflower":1,"minecraft:string":4,"minecraft:raw_copper":11,"various_world:sculk_fruit":2,"minecraft:cyan_carpet":5,"minecraft:gold_nugget":11,"minecraft:cobbled_deepslate":137,"reliquary:zombie_heart":1,"minecraft:spruce_planks":6,"minecraft:echo_shard":1,"minecraft:beef":17,"minecraft:andesite_stairs":1,"minecraft:player_head":1,"minecraft:calcite":1,"minecraft:poppy":2,"minecraft:smooth_quartz":1,"minecraft:chest":1,"minecraft:egg":4,"minecraft:stick":18,"minecraft:raw_iron":1,"minecraft:stripped_mangrove_wood":2,"minecraft:oak_fence":5,"minecraft:torch":48,"minecraft:diorite":37,"minecraft:carrot":1,"minecraft:iron_horse_armor":1,"minecraft:brown_carpet":3,"minecraft:arrow":6,"minecraft:stone_sword":2,"minecraft:mangrove_stairs":1,"minecraft:rotten_flesh":29,"artifacts:villager_hat":1,"minecraft:nether_bricks":1,"minecraft:saddle":1,"minecraft:gold_ingot":2,"reliquary:mob_charm_fragment":1,"minecraft:glow_berries":1,"minecraft:mutton":10,"undead_revamp2:arapholia":1,"minecraft:skeleton_skull":1,"minecraft:white_wool":9,"minecraft:cobblestone":426,"relics:roller_skates":1,"minecraft:cooked_beef":2,"minecraft:andesite":2,"minecraft:leather":12,"minecraft:potato":2,"minecraft:filled_map":1,"paraglider:spirit_orb":2,"minecraft:flint":1,"minecraft:tuff":21,"minecraft:oak_log":11,"minecraft:cobblestone_stairs":1,"minecraft:lapis_lazuli":10,"minecraft:mangrove_slab":2,"minecraft:dirt":55,"minecraft:lantern":1,"minecraft:cooked_mutton":15,"minecraft:bone":11,"minecraft:apple":5,"minecraft:wheat_seeds":26,"minecraft:iron_ingot":4,"minecraft:oak_fence_gate":3,"minecraft:stone_pickaxe":1,"minecraft:oak_planks":1,"minecraft:cooked_porkchop":47,"minecraft:sweet_berries":7,"hmag:soul_powder":1,"minecraft:dripstone_block":1,"minecraft:gravel":15,"minecraft:white_bed":26,"minecraft:spruce_log":232,"minecraft:spider_eye":2,"minecraft:polished_andesite":2,"minecraft:pumpkin_seeds":1,"minecraft:stone_axe":1,"minecraft:iron_helmet":1,"minecraft:white_concrete":1,"minecraft:gray_wool":2,"minecraft:oak_sapling":34,"minecraft:black_wool":1,"minecraft:coal":117},"minecraft:killed_by":{"minecraft:player":2}},"DataVersion":3465}