{"stats":{"minecraft:killed_by":{"minecraft:player":2},"minecraft:picked_up":{"minecraft:crafting_table":4,"minecraft:wheat":6,"minecraft:chainmail_boots":1,"minecraft:chicken":1,"minecraft:stone_slab":2,"minecraft:stone_brick_stairs":3,"minecraft:cornflower":1,"minecraft:string":4,"minecraft:raw_copper":11,"various_world:sculk_fruit":2,"minecraft:cyan_carpet":5,"minecraft:gold_nugget":11,"minecraft:cobbled_deepslate":137,"reliquary:zombie_heart":1,"minecraft:spruce_planks":1,"minecraft:echo_shard":1,"minecraft:beef":14,"minecraft:andesite_stairs":1,"minecraft:player_head":1,"minecraft:calcite":1,"minecraft:smooth_quartz":1,"minecraft:poppy":2,"minecraft:chest":1,"minecraft:egg":4,"minecraft:stick":18,"minecraft:raw_iron":1,"minecraft:stripped_mangrove_wood":2,"minecraft:oak_fence":5,"minecraft:torch":39,"minecraft:diorite":37,"minecraft:iron_horse_armor":1,"minecraft:stone_sword":2,"minecraft:arrow":3,"minecraft:mangrove_stairs":1,"minecraft:rotten_flesh":28,"minecraft:saddle":1,"minecraft:gold_ingot":2,"minecraft:glow_berries":1,"minecraft:mutton":10,"undead_revamp2:arapholia":1,"minecraft:skeleton_skull":1,"minecraft:white_wool":9,"minecraft:cobblestone":425,"relics:roller_skates":1,"minecraft:cooked_beef":2,"minecraft:andesite":2,"minecraft:leather":12,"minecraft:filled_map":1,"minecraft:flint":1,"minecraft:tuff":21,"minecraft:oak_log":11,"minecraft:cobblestone_stairs":1,"minecraft:lapis_lazuli":10,"minecraft:mangrove_slab":2,"minecraft:dirt":51,"minecraft:lantern":1,"minecraft:cooked_mutton":15,"minecraft:bone":11,"minecraft:apple":5,"minecraft:wheat_seeds":25,"minecraft:iron_ingot":4,"minecraft:oak_fence_gate":3,"minecraft:stone_pickaxe":1,"minecraft:oak_planks":1,"minecraft:cooked_porkchop":36,"minecraft:sweet_berries":7,"hmag:soul_powder":1,"minecraft:dripstone_block":1,"minecraft:gravel":15,"minecraft:white_bed":23,"minecraft:spruce_log":232,"minecraft:spider_eye":2,"minecraft:polished_andesite":2,"minecraft:pumpkin_seeds":1,"minecraft:stone_axe":1,"minecraft:iron_helmet":1,"minecraft:white_concrete":1,"minecraft:gray_wool":2,"minecraft:oak_sapling":34,"minecraft:black_wool":1,"minecraft:coal":111},"minecraft:custom":{"minecraft:mob_kills":59,"minecraft:interact_with_crafting_table":30,"minecraft:open_barrel":53,"minecraft:damage_dealt_resisted":900,"minecraft:eat_cake_slice":7,"minecraft:leave_game":11,"minecraft:time_since_death":12274,"minecraft:climb_one_cm":6566,"minecraft:damage_resisted":153,"minecraft:sprint_one_cm":1624910,"minecraft:walk_one_cm":1670198,"minecraft:drop":139,"minecraft:talked_to_villager":1,"minecraft:play_time":346742,"minecraft:deaths":21,"minecraft:sneak_time":24120,"minecraft:walk_under_water_one_cm":51329,"minecraft:jump":4388,"minecraft:walk_on_water_one_cm":10290,"minecraft:total_world_time":346742,"minecraft:interact_with_furnace":8,"minecraft:tune_noteblock":2,"minecraft:sleep_in_bed":29,"minecraft:time_since_rest":12748,"minecraft:damage_taken":16445,"minecraft:damage_absorbed":80,"minecraft:damage_dealt":10343,"minecraft:swim_one_cm":24414,"minecraft:fly_one_cm":1069716,"minecraft:player_kills":1,"minecraft:open_chest":173,"minecraft:crouch_one_cm":114651,"minecraft:fall_one_cm":149795,"minecraft:horse_one_cm":1266413},"minecraft:used":{"minecraft:oak_fence":4,"minecraft:stone_sword":367,"minecraft:chest":1,"minecraft:spruce_planks":1,"minecraft:cooked_salmon":10,"minecraft:player_head":1,"minecraft:torch":47,"minecraft:dirt":39,"minecraft:mutton":4,"minecraft:tuff":7,"minecraft:oak_fence_gate":3,"minecraft:milk_bucket":2,"minecraft:wooden_axe":40,"minecraft:lava_bucket":74,"minecraft:mangrove_stairs":1,"hmag:golden_tropical_fish":1,"minecraft:stone_brick_stairs":3,"minecraft:mangrove_slab":2,"minecraft:cooked_beef":17,"minecraft:potato":50,"minecraft:cobbled_deepslate":162,"minecraft:calcite":1,"minecraft:cooked_mutton":15,"minecraft:water_bucket":28,"minecraft:diorite":11,"minecraft:cobblestone_stairs":1,"minecraft:polished_andesite":1,"minecraft:stone_pickaxe":759,"minecraft:wooden_pickaxe":118,"minecraft:white_wool":1,"minecraft:crafting_table":5,"minecraft:red_bed":1,"minecraft:white_bed":20,"minecraft:dripstone_block":1,"hmag:spectral_soup":1,"minecraft:spruce_log":1,"minecraft:apple":9,"minecraft:bread":42,"minecraft:stone_slab":2,"minecraft:gravel":1,"minecraft:stone_axe":313,"minecraft:cobblestone":111,"majruszsdifficulty:warden_treasure_bag":1,"minecraft:cooked_porkchop":30,"minecraft:bucket":102,"minecraft:pumpkin_pie":1,"minecraft:candle":2},"minecraft:mined":{"minecraft:tuff":23,"minecraft:spruce_planks":1,"minecraft:white_bed":24,"minecraft:sculk_vein":89,"minecraft:grass_block":20,"minecraft:white_concrete":1,"minecraft:spruce_leaves":2,"minecraft:white_concrete_powder":3,"minecraft:black_stained_glass_pane":4,"minecraft:sculk_catalyst":5,"minecraft:iron_ore":1,"minecraft:fire":6,"minecraft:cobbled_deepslate":8,"minecraft:andesite":5,"minecraft:deepslate_lapis_ore":1,"minecraft:dirt_path":3,"minecraft:lantern":1,"minecraft:stone":400,"minecraft:podzol":1,"minecraft:mangrove_stairs":2,"minecraft:glass_pane":17,"minecraft:powder_snow":13,"minecraft:oak_fence":8,"minecraft:crafting_table":4,"minecraft:torch":17,"minecraft:calcite":3,"minecraft:poppy":1,"minecraft:chest":1,"minecraft:sculk_sensor":16,"minecraft:stone_slab":2,"minecraft:cobblestone":18,"minecraft:tall_grass":15,"minecraft:lapis_ore":1,"minecraft:oak_planks":1,"minecraft:sculk":1032,"minecraft:diorite":48,"minecraft:wall_torch":11,"minecraft:skeleton_skull":1,"minecraft:air":13,"minecraft:spruce_log":188,"minecraft:stone_brick_stairs":3,"minecraft:grass":64,"minecraft:coal_ore":115,"minecraft:oak_log":11,"minecraft:oak_fence_gate":3,"minecraft:smooth_quartz":2,"minecraft:cyan_carpet":1,"minecraft:gravel":17,"minecraft:dripstone_block":1,"minecraft:dirt":21,"minecraft:cobweb":4,"minecraft:polished_andesite":1,"minecraft:oak_leaves":9,"minecraft:deepslate":125,"minecraft:fern":2},"minecraft:broken":{"minecraft:leather_helmet":1,"minecraft:stone_sword":4,"minecraft:leather_leggings":1,"minecraft:wooden_pickaxe":2,"minecraft:stone_pickaxe":5,"minecraft:leather_boots":1,"minecraft:stone_axe":2},"minecraft:killed":{"cardinal_sins:skeletonofgluttony":1,"undead_revamp2:thehunter":3,"undead_revamp2:theswarmer":1,"minecraft:skeleton":9,"minecraft:chicken":1,"undead_revamp2:sucker":2,"minecraft:husk":1,"hmag:ghost":2,"minecraft:pig":7,"undead_revamp2:the_moonflower":2,"minecraft:sheep":6,"undead_revamp2:thesomnolence":1,"minecraft:zombie":7,"minecraft:donkey":1,"various_world:wandering_spirit_summoned_of_sculks":1,"minecraft:villager":1,"minecraft:cow":6},"minecraft:crafted":{"minecraft:stone_pickaxe":6,"minecraft:chest":1,"minecraft:red_dye":1,"sophisticatedbackpacks:backpack":1,"minecraft:crafting_table":3,"minecraft:spruce_planks":628,"minecraft:wooden_pickaxe":2,"minecraft:red_bed":1,"minecraft:stone_axe":3,"minecraft:air":0,"minecraft:charcoal":1,"minecraft:stick":28,"minecraft:wooden_axe":2,"minecraft:stone_sword":4,"minecraft:white_bed":1,"minecraft:torch":20},"minecraft:dropped":{"minecraft:stripped_mangrove_wood":2,"minecraft:wheat_seeds":23,"minecraft:cooked_porkchop":6,"minecraft:oak_fence":1,"minecraft:iron_helmet":1,"minecraft:cobblestone":6,"minecraft:glow_berries":1,"minecraft:book":1,"minecraft:lantern":1,"minecraft:leather":2,"minecraft:stick":3,"minecraft:polished_andesite":1,"minecraft:dirt":10,"minecraft:gray_wool":2,"relics:roller_skates":1,"minecraft:diorite":1,"minecraft:cornflower":1,"minecraft:mutton":10,"minecraft:wooden_axe":1,"minecraft:smooth_quartz":1,"minecraft:gold_nugget":11,"minecraft:white_wool":5,"minecraft:cyan_carpet":5,"minecraft:bone":10,"minecraft:stone_axe":1,"minecraft:sweet_berries":7,"minecraft:stone_sword":1,"minecraft:raw_copper":11,"minecraft:bowl":1,"undead_revamp2:arapholia":1,"hmag:evil_arrow":2,"minecraft:rotten_flesh":22,"minecraft:oak_planks":1,"minecraft:white_bed":2,"minecraft:spruce_planks":1,"minecraft:skeleton_skull":1,"minecraft:andesite_stairs":1,"minecraft:oak_sapling":34,"minecraft:spider_eye":2,"minecraft:stone_pickaxe":1,"minecraft:black_wool":1,"reliquary:zombie_heart":1,"minecraft:egg":4}},"DataVersion":3465}