{"stats":{"minecraft:picked_up":{"minecraft:spruce_log":14,"minecraft:cobblestone":38},"minecraft:custom":{"minecraft:time_since_rest":11471,"minecraft:open_chest":2,"minecraft:crouch_one_cm":290,"minecraft:play_time":11471,"minecraft:interact_with_furnace":30,"minecraft:sprint_one_cm":12238,"minecraft:damage_taken":60,"minecraft:walk_one_cm":46047,"minecraft:sneak_time":225,"minecraft:jump":120,"minecraft:damage_dealt":40,"minecraft:leave_game":1,"minecraft:time_since_death":11471,"minecraft:total_world_time":11471,"minecraft:interact_with_crafting_table":19,"minecraft:fall_one_cm":3195,"minecraft:fly_one_cm":11844},"minecraft:used":{"minecraft:cobblestone":6,"minecraft:cooked_porkchop":1,"minecraft:wooden_pickaxe":41},"minecraft:mined":{"minecraft:cobblestone":1,"minecraft:stone":39},"minecraft:crafted":{"minecraft:stone_sword":1,"minecraft:stone_axe":1,"minecraft:spruce_planks":54,"minecraft:stick":12,"minecraft:wooden_pickaxe":1}},"DataVersion":3465}