{"stats":{"minecraft:picked_up":{"minecraft:crafting_table":1,"minecraft:feather":38,"minecraft:chicken":40,"minecraft:ladder":1,"minecraft:andesite":1,"minecraft:brown_wool":1,"minecraft:leather":20,"minecraft:mushroom_stew":2,"minecraft:tuff":7,"minecraft:oak_log":8,"minecraft:stripped_mangrove_log":1,"minecraft:dirt":6,"minecraft:lantern":1,"minecraft:cooked_mutton":2,"minecraft:red_nether_bricks":9,"minecraft:bone":9,"minecraft:cyan_carpet":8,"minecraft:gray_carpet":1,"minecraft:wheat_seeds":6,"minecraft:cobbled_deepslate":1,"minecraft:dark_oak_sign":1,"minecraft:calcite":8,"minecraft:beef":38,"minecraft:cooked_chicken":17,"artifacts:steadfast_spikes":1,"minecraft:light_gray_wool":2,"minecraft:smooth_quartz_stairs":3,"minecraft:dark_oak_stairs":1,"minecraft:furnace":1,"minecraft:egg":9,"minecraft:book":1,"minecraft:stick":2,"minecraft:stripped_mangrove_wood":2,"minecraft:torch":20,"minecraft:gravel":2,"sophisticatedbackpacks:backpack":1,"minecraft:porkchop":68,"minecraft:lightning_rod":1,"minecraft:diorite":2,"minecraft:white_bed":6,"minecraft:spruce_log":14,"minecraft:spider_eye":1,"minecraft:stone_sword":2,"minecraft:arrow":1,"minecraft:rotten_flesh":10,"minecraft:tropical_fish":1,"minecraft:stone_axe":2,"minecraft:golden_apple":1,"minecraft:gray_wool":4,"reliquary:mob_charm_fragment":1,"minecraft:oak_sapling":3,"minecraft:black_wool":3,"minecraft:mutton":64,"minecraft:coal":201,"minecraft:white_wool":34,"minecraft:cobblestone":121},"minecraft:custom":{"minecraft:interact_with_furnace":37,"minecraft:mob_kills":158,"minecraft:tune_noteblock":9,"minecraft:interact_with_crafting_table":48,"minecraft:open_barrel":15,"minecraft:damage_dealt_resisted":80,"minecraft:time_since_death":73656,"minecraft:leave_game":2,"minecraft:sleep_in_bed":13,"minecraft:climb_one_cm":4466,"minecraft:time_since_rest":11356,"minecraft:sprint_one_cm":387269,"minecraft:damage_absorbed":40,"minecraft:damage_taken":4055,"minecraft:walk_one_cm":673645,"minecraft:drop":4,"minecraft:damage_dealt":17456,"minecraft:fly_one_cm":483771,"minecraft:open_chest":56,"minecraft:crouch_one_cm":2518,"minecraft:play_time":149221,"minecraft:deaths":1,"minecraft:sneak_time":1960,"minecraft:walk_under_water_one_cm":3657,"minecraft:jump":2687,"minecraft:walk_on_water_one_cm":27381,"minecraft:total_world_time":149221,"minecraft:fall_one_cm":75382},"minecraft:used":{"minecraft:cooked_mutton":34,"minecraft:stone_sword":352,"minecraft:stone_pickaxe":246,"minecraft:chest":1,"minecraft:wooden_pickaxe":58,"minecraft:torch":54,"minecraft:golden_apple":1,"minecraft:crafting_table":4,"minecraft:mushroom_stew":1,"minecraft:white_bed":7,"minecraft:stone_axe":143,"minecraft:cobblestone":123,"minecraft:furnace":1,"minecraft:cooked_porkchop":13},"minecraft:mined":{"minecraft:tuff":7,"minecraft:white_bed":6,"minecraft:stripped_mangrove_log":1,"minecraft:red_nether_bricks":1,"minecraft:cyan_stained_glass":4,"minecraft:fire_coral":1,"minecraft:crafting_table":1,"minecraft:torch":8,"minecraft:tube_coral_wall_fan":1,"minecraft:calcite":3,"minecraft:grass_block":3,"minecraft:tall_grass":7,"minecraft:cobblestone":9,"minecraft:spruce_leaves":13,"minecraft:diorite":2,"minecraft:wall_torch":10,"minecraft:large_fern":3,"minecraft:furnace":1,"minecraft:andesite":1,"minecraft:grass":32,"minecraft:mangrove_slab":1,"minecraft:coal_ore":148,"minecraft:oak_log":8,"minecraft:gravel":4,"minecraft:dirt":3,"minecraft:gray_carpet":1,"minecraft:smooth_quartz_stairs":1,"minecraft:stripped_mangrove_wood":2,"minecraft:stone":111,"minecraft:deepslate":1,"minecraft:player_head":1,"minecraft:oak_leaves":6,"minecraft:fern":1},"minecraft:broken":{"minecraft:stone_pickaxe":1,"minecraft:stone_sword":2,"minecraft:stone_axe":1,"minecraft:wooden_pickaxe":1},"minecraft:killed":{"minecraft:husk":8,"minecraft:pig":35,"undead_revamp2:theimmortal":1,"minecraft:spider":1,"enemyexpansion:equestrian":1,"enemyexpansion:direwolf":3,"minecraft:sheep":44,"minecraft:skeleton":6,"minecraft:zombie":1,"minecraft:chicken":33,"enemyexpansion:botfly":1,"artifacts:mimic":1,"minecraft:cow":21},"minecraft:crafted":{"minecraft:oak_planks":30,"minecraft:crafting_table":4,"minecraft:spruce_planks":54,"minecraft:wooden_pickaxe":1,"minecraft:furnace":1,"minecraft:stone_axe":5,"minecraft:cooked_mutton":57,"minecraft:stick":82,"minecraft:stone_pickaxe":3,"minecraft:stone_sword":2,"minecraft:chest":1,"minecraft:white_bed":1,"minecraft:torch":62},"minecraft:dropped":{"minecraft:stone_axe":1,"minecraft:bowl":1,"minecraft:cobblestone":1,"minecraft:tropical_fish":1}},"DataVersion":3465}