{"stats":{"minecraft:killed_by":{"undead_revamp2:therod":1},"minecraft:picked_up":{"minecraft:crafting_table":3,"minecraft:chicken":43,"minecraft:ladder":1,"minecraft:stripped_mangrove_log":1,"minecraft:oak_trapdoor":5,"minecraft:string":78,"minecraft:raw_copper":14,"minecraft:red_nether_bricks":9,"minecraft:cyan_carpet":8,"minecraft:cobbled_deepslate":140,"minecraft:beef":52,"minecraft:calcite":8,"minecraft:iron_pickaxe":1,"minecraft:light_gray_wool":2,"minecraft:smooth_quartz_stairs":3,"minecraft:furnace":1,"minecraft:egg":11,"minecraft:stick":13,"minecraft:raw_iron":12,"minecraft:stripped_mangrove_wood":2,"minecraft:oak_fence":1,"minecraft:torch":69,"sophisticatedbackpacks:backpack":1,"minecraft:porkchop":82,"minecraft:golden_axe":1,"minecraft:lightning_rod":1,"minecraft:diorite":18,"minecraft:stone_sword":2,"minecraft:arrow":12,"minecraft:rotten_flesh":68,"minecraft:tropical_fish":1,"create:asurine":2,"reliquary:mob_charm_fragment":1,"minecraft:glow_berries":1,"minecraft:mutton":74,"undead_revamp2:arapholia":2,"minecraft:white_wool":40,"minecraft:cobblestone":255,"minecraft:birch_log":19,"minecraft:feather":46,"minecraft:andesite":4,"minecraft:black_bed":1,"minecraft:brown_wool":1,"minecraft:leather":31,"minecraft:red_mushroom":4,"paraglider:spirit_orb":2,"minecraft:mushroom_stew":2,"minecraft:flint":1,"minecraft:tuff":8,"minecraft:oak_log":8,"undead_revamp2:huntereye":1,"minecraft:gunpowder":4,"minecraft:lapis_lazuli":11,"minecraft:dirt":12,"minecraft:lantern":1,"minecraft:cooked_mutton":2,"minecraft:bone":17,"minecraft:apple":1,"minecraft:gray_carpet":1,"minecraft:wheat_seeds":6,"minecraft:stone_pickaxe":1,"minecraft:cooked_chicken":17,"minecraft:dark_oak_sign":1,"minecraft:fletching_table":1,"artifacts:steadfast_spikes":1,"minecraft:iron_sword":1,"minecraft:stone_hoe":1,"minecraft:oak_planks":3,"minecraft:dark_oak_stairs":1,"minecraft:book":1,"minecraft:gravel":7,"minecraft:blast_furnace":1,"minecraft:white_bed":7,"minecraft:spruce_log":123,"minecraft:trapped_chest":1,"minecraft:spider_eye":4,"undead_revamp2:heavytooth":2,"minecraft:diamond_shovel":1,"minecraft:stone_axe":2,"minecraft:granite":5,"minecraft:golden_apple":1,"minecraft:gray_wool":4,"minecraft:oak_sapling":32,"minecraft:black_wool":3,"minecraft:coal":238},"minecraft:custom":{"minecraft:mob_kills":213,"minecraft:interact_with_crafting_table":75,"minecraft:open_barrel":31,"minecraft:damage_dealt_resisted":303,"minecraft:time_since_death":5432,"minecraft:leave_game":6,"minecraft:climb_one_cm":4466,"minecraft:sprint_one_cm":695393,"minecraft:walk_one_cm":1566461,"minecraft:drop":7,"minecraft:play_time":331811,"minecraft:deaths":18,"minecraft:sneak_time":4775,"minecraft:walk_under_water_one_cm":4133,"minecraft:boat_one_cm":32715,"minecraft:jump":5073,"minecraft:walk_on_water_one_cm":43105,"minecraft:total_world_time":331811,"minecraft:interact_with_furnace":40,"minecraft:tune_noteblock":9,"minecraft:sleep_in_bed":25,"minecraft:time_since_rest":5459,"minecraft:damage_taken":14652,"minecraft:damage_absorbed":40,"minecraft:trigger_trapped_chest":1,"minecraft:damage_dealt":28051,"minecraft:fly_one_cm":645936,"minecraft:open_chest":111,"minecraft:crouch_one_cm":8021,"minecraft:fall_one_cm":113491},"minecraft:used":{"minecraft:oak_fence":1,"minecraft:stone_sword":683,"minecraft:chest":2,"minecraft:cooked_chicken":11,"minecraft:stone_hoe":134,"minecraft:rotten_flesh":19,"minecraft:torch":189,"minecraft:dirt":3,"minecraft:mutton":1,"minecraft:tuff":1,"minecraft:granite":5,"minecraft:spruce_boat":1,"minecraft:lava_bucket":4,"minecraft:furnace":1,"minecraft:cobbled_deepslate":103,"minecraft:cooked_mutton":59,"minecraft:diorite":47,"minecraft:stone_pickaxe":665,"minecraft:wooden_pickaxe":86,"minecraft:golden_apple":1,"minecraft:crafting_table":8,"minecraft:mushroom_stew":2,"minecraft:white_bed":9,"minecraft:black_bed":1,"minecraft:spruce_log":10,"minecraft:stone_axe":277,"minecraft:cobblestone":195,"minecraft:cooked_porkchop":49,"minecraft:bucket":5},"minecraft:mined":{"minecraft:tuff":7,"minecraft:white_bed":8,"minecraft:stripped_mangrove_log":1,"minecraft:sculk_vein":10,"minecraft:red_nether_bricks":1,"minecraft:cyan_stained_glass":4,"minecraft:spruce_trapdoor":2,"minecraft:granite":5,"minecraft:tube_coral_wall_fan":1,"minecraft:grass_block":5,"minecraft:spruce_leaves":13,"minecraft:spawner":1,"minecraft:large_fern":3,"minecraft:furnace":1,"minecraft:iron_ore":9,"minecraft:cobbled_deepslate":26,"minecraft:andesite":1,"create:asurine":1,"minecraft:smooth_quartz_stairs":1,"minecraft:stone":232,"minecraft:stripped_mangrove_wood":2,"minecraft:player_head":1,"minecraft:fire_coral":1,"minecraft:crafting_table":3,"minecraft:torch":30,"minecraft:calcite":3,"minecraft:sculk_sensor":4,"minecraft:cobblestone":13,"minecraft:copper_ore":4,"minecraft:tall_grass":7,"minecraft:lapis_ore":2,"minecraft:sculk":307,"minecraft:diorite":10,"minecraft:wall_torch":42,"minecraft:air":7,"minecraft:birch_log":19,"minecraft:spruce_log":87,"minecraft:black_bed":1,"minecraft:grass":35,"minecraft:mangrove_slab":1,"minecraft:coal_ore":162,"minecraft:oak_log":8,"minecraft:gravel":10,"minecraft:dirt":7,"minecraft:gray_carpet":1,"minecraft:cobweb":81,"minecraft:red_mushroom_block":2,"minecraft:oak_leaves":24,"minecraft:deepslate":67,"minecraft:fern":2},"minecraft:broken":{"minecraft:stone_sword":5,"minecraft:stone_hoe":1,"minecraft:wooden_pickaxe":1,"minecraft:stone_pickaxe":5,"minecraft:stone_axe":2},"minecraft:killed":{"minecraft:cave_spider":2,"undead_revamp2:thehunter":2,"undead_revamp2:theimmortal":1,"undead_revamp2:thegliter":1,"minecraft:spider":3,"enemyexpansion:equestrian":1,"enemyexpansion:direwolf":3,"minecraft:skeleton":13,"minecraft:chicken":36,"undead_revamp2:thespitter":1,"artifacts:mimic":1,"minecraft:husk":8,"minecraft:pig":42,"undead_revamp2:the_moonflower":2,"undead_revamp2:theheavy":1,"majruszsdifficulty:cursed_armor":1,"minecraft:creeper":1,"minecraft:sheep":51,"undead_revamp2:thesomnolence":1,"minecraft:zombie":9,"enemyexpansion:botfly":2,"enemyexpansion:huntsman":1,"minecraft:cow":27},"minecraft:crafted":{"minecraft:oak_planks":30,"minecraft:furnace":1,"minecraft:cooked_mutton":57,"minecraft:stone_pickaxe":6,"minecraft:chest":1,"minecraft:spruce_boat":1,"minecraft:stone_hoe":1,"minecraft:cooked_cod":4,"minecraft:cooked_porkchop":37,"minecraft:crafting_table":6,"minecraft:spruce_planks":74,"minecraft:wooden_pickaxe":2,"minecraft:stone_axe":6,"minecraft:air":0,"minecraft:stick":104,"minecraft:stone_sword":7,"minecraft:white_bed":3,"minecraft:torch":124},"minecraft:dropped":{"minecraft:stone_hoe":1,"minecraft:cobblestone":1,"minecraft:tropical_fish":1,"minecraft:stone_axe":1,"minecraft:stone_sword":1,"minecraft:bowl":1,"minecraft:stone_pickaxe":1}},"DataVersion":3465}