{"stats":{"minecraft:picked_up":{"minecraft:crafting_table":1,"minecraft:feather":35,"minecraft:chicken":38,"minecraft:leather":20,"minecraft:brown_wool":1,"minecraft:oak_log":8,"minecraft:dirt":4,"minecraft:lantern":1,"minecraft:wheat_seeds":4,"minecraft:cooked_chicken":17,"minecraft:beef":38,"minecraft:light_gray_wool":2,"minecraft:furnace":1,"minecraft:egg":9,"minecraft:stick":2,"minecraft:torch":5,"minecraft:gravel":2,"minecraft:porkchop":67,"minecraft:white_bed":4,"minecraft:spruce_log":14,"minecraft:stone_sword":1,"minecraft:rotten_flesh":4,"minecraft:stone_axe":2,"minecraft:gray_wool":4,"minecraft:oak_sapling":3,"minecraft:coal":166,"minecraft:black_wool":3,"minecraft:mutton":57,"minecraft:white_wool":29,"minecraft:cobblestone":107},"minecraft:custom":{"minecraft:interact_with_furnace":37,"minecraft:mob_kills":131,"minecraft:interact_with_crafting_table":48,"minecraft:open_barrel":2,"minecraft:time_since_death":7906,"minecraft:leave_game":1,"minecraft:sleep_in_bed":5,"minecraft:climb_one_cm":140,"minecraft:time_since_rest":7635,"minecraft:sprint_one_cm":262289,"minecraft:damage_taken":1220,"minecraft:walk_one_cm":370580,"minecraft:drop":2,"minecraft:damage_dealt":11357,"minecraft:fly_one_cm":289039,"minecraft:open_chest":25,"minecraft:crouch_one_cm":1515,"minecraft:play_time":83471,"minecraft:deaths":1,"minecraft:sneak_time":583,"minecraft:walk_under_water_one_cm":1801,"minecraft:jump":1650,"minecraft:walk_on_water_one_cm":15528,"minecraft:total_world_time":83471,"minecraft:fall_one_cm":44949},"minecraft:used":{"minecraft:cooked_mutton":3,"minecraft:stone_sword":191,"minecraft:stone_pickaxe":171,"minecraft:chest":1,"minecraft:wooden_pickaxe":58,"minecraft:torch":9,"minecraft:crafting_table":4,"minecraft:white_bed":4,"minecraft:stone_axe":118,"minecraft:cobblestone":33,"minecraft:furnace":1,"minecraft:cooked_porkchop":13},"minecraft:mined":{"minecraft:white_bed":4,"minecraft:crafting_table":1,"minecraft:torch":3,"minecraft:grass_block":2,"minecraft:tall_grass":7,"minecraft:cobblestone":5,"minecraft:spruce_leaves":13,"minecraft:wall_torch":2,"minecraft:large_fern":3,"minecraft:furnace":1,"minecraft:grass":27,"minecraft:oak_log":8,"minecraft:coal_ore":113,"minecraft:gravel":4,"minecraft:dirt":2,"minecraft:stone":102,"minecraft:oak_leaves":6,"minecraft:fern":1},"minecraft:broken":{"minecraft:stone_pickaxe":1,"minecraft:stone_sword":1,"minecraft:stone_axe":1,"minecraft:wooden_pickaxe":1},"minecraft:killed":{"minecraft:husk":2,"minecraft:pig":34,"enemyexpansion:equestrian":1,"enemyexpansion:direwolf":2,"minecraft:sheep":39,"minecraft:chicken":31,"enemyexpansion:botfly":1,"minecraft:cow":21},"minecraft:crafted":{"minecraft:oak_planks":30,"minecraft:crafting_table":4,"minecraft:spruce_planks":54,"minecraft:wooden_pickaxe":1,"minecraft:furnace":1,"minecraft:stone_axe":5,"minecraft:cooked_mutton":57,"minecraft:stick":82,"minecraft:stone_pickaxe":3,"minecraft:stone_sword":2,"minecraft:chest":1,"minecraft:white_bed":1,"minecraft:torch":56},"minecraft:dropped":{"minecraft:stone_axe":1,"minecraft:cobblestone":1}},"DataVersion":3465}