{"stats":{"minecraft:picked_up":{"minecraft:crafting_table":1,"minecraft:feather":38,"minecraft:chicken":40,"minecraft:andesite":1,"minecraft:brown_wool":1,"minecraft:leather":20,"minecraft:mushroom_stew":2,"minecraft:oak_log":8,"minecraft:dirt":4,"minecraft:lantern":1,"minecraft:bone":2,"minecraft:cyan_carpet":1,"minecraft:wheat_seeds":4,"minecraft:calcite":1,"minecraft:beef":38,"minecraft:cooked_chicken":17,"minecraft:light_gray_wool":2,"minecraft:furnace":1,"minecraft:egg":9,"minecraft:book":1,"minecraft:stick":2,"minecraft:torch":8,"minecraft:gravel":2,"sophisticatedbackpacks:backpack":1,"minecraft:porkchop":67,"minecraft:lightning_rod":1,"minecraft:white_bed":5,"minecraft:spruce_log":14,"minecraft:spider_eye":1,"minecraft:stone_sword":2,"minecraft:rotten_flesh":6,"minecraft:stone_axe":2,"minecraft:golden_apple":1,"minecraft:gray_wool":4,"minecraft:oak_sapling":3,"minecraft:black_wool":3,"minecraft:mutton":57,"minecraft:coal":176,"minecraft:white_wool":29,"minecraft:cobblestone":108},"minecraft:custom":{"minecraft:interact_with_furnace":37,"minecraft:mob_kills":140,"minecraft:interact_with_crafting_table":48,"minecraft:open_barrel":10,"minecraft:time_since_death":37656,"minecraft:leave_game":2,"minecraft:sleep_in_bed":9,"minecraft:climb_one_cm":3526,"minecraft:time_since_rest":6825,"minecraft:sprint_one_cm":332141,"minecraft:damage_taken":1690,"minecraft:walk_one_cm":517001,"minecraft:drop":2,"minecraft:damage_dealt":13182,"minecraft:fly_one_cm":413805,"minecraft:open_chest":54,"minecraft:crouch_one_cm":1568,"minecraft:play_time":113221,"minecraft:deaths":1,"minecraft:sneak_time":702,"minecraft:walk_under_water_one_cm":1801,"minecraft:jump":2191,"minecraft:walk_on_water_one_cm":15528,"minecraft:total_world_time":113221,"minecraft:fall_one_cm":59595},"minecraft:used":{"minecraft:cooked_mutton":11,"minecraft:stone_sword":214,"minecraft:stone_pickaxe":182,"minecraft:chest":1,"minecraft:wooden_pickaxe":58,"minecraft:torch":15,"minecraft:crafting_table":4,"minecraft:white_bed":6,"minecraft:stone_axe":143,"minecraft:cobblestone":54,"minecraft:furnace":1,"minecraft:cooked_porkchop":13},"minecraft:mined":{"minecraft:white_bed":5,"minecraft:crafting_table":1,"minecraft:torch":3,"minecraft:grass_block":2,"minecraft:tall_grass":7,"minecraft:cobblestone":5,"minecraft:spruce_leaves":13,"minecraft:wall_torch":5,"minecraft:large_fern":3,"minecraft:furnace":1,"minecraft:andesite":1,"minecraft:grass":29,"minecraft:coal_ore":123,"minecraft:oak_log":8,"minecraft:gravel":4,"minecraft:dirt":2,"minecraft:stone":102,"minecraft:oak_leaves":6,"minecraft:fern":1},"minecraft:broken":{"minecraft:stone_pickaxe":1,"minecraft:stone_sword":1,"minecraft:stone_axe":1,"minecraft:wooden_pickaxe":1},"minecraft:killed":{"minecraft:husk":3,"minecraft:pig":34,"undead_revamp2:theimmortal":1,"minecraft:spider":1,"enemyexpansion:equestrian":1,"enemyexpansion:direwolf":2,"minecraft:sheep":39,"minecraft:skeleton":4,"minecraft:chicken":33,"enemyexpansion:botfly":1,"minecraft:cow":21},"minecraft:crafted":{"minecraft:oak_planks":30,"minecraft:crafting_table":4,"minecraft:spruce_planks":54,"minecraft:wooden_pickaxe":1,"minecraft:furnace":1,"minecraft:stone_axe":5,"minecraft:cooked_mutton":57,"minecraft:stick":82,"minecraft:stone_pickaxe":3,"minecraft:stone_sword":2,"minecraft:chest":1,"minecraft:white_bed":1,"minecraft:torch":62},"minecraft:dropped":{"minecraft:stone_axe":1,"minecraft:cobblestone":1}},"DataVersion":3465}