{"stats":{"minecraft:picked_up":{"minecraft:crafting_table":3,"minecraft:chicken":41,"minecraft:ladder":1,"minecraft:stripped_mangrove_log":1,"minecraft:string":78,"minecraft:raw_copper":14,"minecraft:red_nether_bricks":9,"minecraft:cyan_carpet":8,"minecraft:cobbled_deepslate":116,"minecraft:beef":38,"minecraft:calcite":8,"minecraft:iron_pickaxe":1,"minecraft:light_gray_wool":2,"minecraft:smooth_quartz_stairs":3,"minecraft:furnace":1,"minecraft:egg":10,"minecraft:stick":6,"minecraft:raw_iron":3,"minecraft:stripped_mangrove_wood":2,"minecraft:oak_fence":1,"minecraft:torch":65,"sophisticatedbackpacks:backpack":1,"minecraft:porkchop":68,"minecraft:golden_axe":1,"minecraft:lightning_rod":1,"minecraft:diorite":17,"minecraft:stone_sword":2,"minecraft:arrow":11,"minecraft:rotten_flesh":33,"minecraft:tropical_fish":1,"create:asurine":2,"reliquary:mob_charm_fragment":1,"minecraft:glow_berries":1,"minecraft:mutton":69,"minecraft:white_wool":37,"minecraft:cobblestone":223,"minecraft:birch_log":19,"minecraft:feather":45,"minecraft:andesite":4,"minecraft:brown_wool":1,"minecraft:leather":20,"minecraft:red_mushroom":4,"paraglider:spirit_orb":2,"minecraft:mushroom_stew":2,"minecraft:flint":1,"minecraft:tuff":8,"minecraft:oak_log":8,"minecraft:gunpowder":4,"minecraft:lapis_lazuli":11,"minecraft:dirt":12,"minecraft:lantern":1,"minecraft:cooked_mutton":2,"minecraft:bone":17,"minecraft:gray_carpet":1,"minecraft:wheat_seeds":6,"minecraft:stone_pickaxe":1,"minecraft:cooked_chicken":17,"minecraft:dark_oak_sign":1,"minecraft:fletching_table":1,"artifacts:steadfast_spikes":1,"minecraft:iron_sword":1,"minecraft:stone_hoe":1,"minecraft:oak_planks":3,"minecraft:dark_oak_stairs":1,"minecraft:book":1,"minecraft:gravel":7,"minecraft:blast_furnace":1,"minecraft:white_bed":7,"minecraft:spruce_log":28,"minecraft:trapped_chest":1,"minecraft:spider_eye":3,"minecraft:diamond_shovel":1,"minecraft:stone_axe":2,"minecraft:granite":5,"minecraft:golden_apple":1,"minecraft:gray_wool":4,"minecraft:oak_sapling":9,"minecraft:black_wool":3,"minecraft:coal":238},"minecraft:custom":{"minecraft:mob_kills":187,"minecraft:interact_with_crafting_table":66,"minecraft:open_barrel":26,"minecraft:damage_dealt_resisted":102,"minecraft:time_since_death":5421,"minecraft:leave_game":6,"minecraft:climb_one_cm":4466,"minecraft:sprint_one_cm":637324,"minecraft:walk_one_cm":1334752,"minecraft:drop":6,"minecraft:play_time":283811,"minecraft:deaths":13,"minecraft:sneak_time":3972,"minecraft:walk_under_water_one_cm":3986,"minecraft:boat_one_cm":32715,"minecraft:jump":4152,"minecraft:walk_on_water_one_cm":39599,"minecraft:total_world_time":283811,"minecraft:interact_with_furnace":38,"minecraft:tune_noteblock":9,"minecraft:sleep_in_bed":24,"minecraft:time_since_rest":5445,"minecraft:damage_taken":12491,"minecraft:damage_absorbed":40,"minecraft:trigger_trapped_chest":1,"minecraft:damage_dealt":24768,"minecraft:fly_one_cm":606699,"minecraft:open_chest":96,"minecraft:crouch_one_cm":7210,"minecraft:fall_one_cm":99727},"minecraft:used":{"minecraft:oak_fence":1,"minecraft:stone_sword":589,"minecraft:chest":1,"minecraft:stone_hoe":134,"minecraft:rotten_flesh":10,"minecraft:torch":184,"minecraft:dirt":3,"minecraft:mutton":1,"minecraft:tuff":1,"minecraft:granite":5,"minecraft:spruce_boat":1,"minecraft:lava_bucket":4,"minecraft:furnace":1,"minecraft:cobbled_deepslate":101,"minecraft:cooked_mutton":59,"minecraft:stone_pickaxe":655,"minecraft:wooden_pickaxe":58,"minecraft:golden_apple":1,"minecraft:crafting_table":8,"minecraft:mushroom_stew":2,"minecraft:white_bed":9,"minecraft:spruce_log":10,"minecraft:stone_axe":180,"minecraft:cobblestone":193,"minecraft:cooked_porkchop":48,"minecraft:bucket":5},"minecraft:mined":{"minecraft:tuff":7,"minecraft:white_bed":8,"minecraft:stripped_mangrove_log":1,"minecraft:sculk_vein":10,"minecraft:red_nether_bricks":1,"minecraft:cyan_stained_glass":4,"minecraft:granite":5,"minecraft:tube_coral_wall_fan":1,"minecraft:grass_block":5,"minecraft:spruce_leaves":13,"minecraft:spawner":1,"minecraft:large_fern":3,"minecraft:furnace":1,"minecraft:cobbled_deepslate":25,"minecraft:andesite":1,"create:asurine":1,"minecraft:smooth_quartz_stairs":1,"minecraft:stone":204,"minecraft:stripped_mangrove_wood":2,"minecraft:player_head":1,"minecraft:fire_coral":1,"minecraft:crafting_table":3,"minecraft:torch":29,"minecraft:calcite":3,"minecraft:sculk_sensor":4,"minecraft:cobblestone":13,"minecraft:copper_ore":4,"minecraft:tall_grass":7,"minecraft:lapis_ore":2,"minecraft:sculk":299,"minecraft:diorite":10,"minecraft:wall_torch":41,"minecraft:birch_log":19,"minecraft:grass":33,"minecraft:mangrove_slab":1,"minecraft:coal_ore":162,"minecraft:oak_log":8,"minecraft:gravel":10,"minecraft:dirt":7,"minecraft:gray_carpet":1,"minecraft:cobweb":81,"minecraft:red_mushroom_block":2,"minecraft:oak_leaves":13,"minecraft:deepslate":67,"minecraft:fern":2},"minecraft:broken":{"minecraft:stone_sword":4,"minecraft:stone_hoe":1,"minecraft:wooden_pickaxe":1,"minecraft:stone_pickaxe":5,"minecraft:stone_axe":2},"minecraft:killed":{"minecraft:cave_spider":2,"undead_revamp2:thehunter":1,"undead_revamp2:theimmortal":1,"undead_revamp2:thegliter":1,"minecraft:spider":3,"enemyexpansion:equestrian":1,"enemyexpansion:direwolf":3,"minecraft:skeleton":12,"minecraft:chicken":34,"artifacts:mimic":1,"minecraft:husk":8,"minecraft:pig":35,"undead_revamp2:the_moonflower":1,"majruszsdifficulty:cursed_armor":1,"minecraft:sheep":47,"undead_revamp2:thesomnolence":1,"minecraft:zombie":8,"enemyexpansion:botfly":2,"enemyexpansion:huntsman":1,"minecraft:cow":21},"minecraft:crafted":{"minecraft:oak_planks":30,"minecraft:furnace":1,"minecraft:cooked_mutton":57,"minecraft:stone_pickaxe":5,"minecraft:chest":1,"minecraft:spruce_boat":1,"minecraft:stone_hoe":1,"minecraft:cooked_porkchop":35,"minecraft:crafting_table":6,"minecraft:spruce_planks":54,"minecraft:wooden_pickaxe":1,"minecraft:stone_axe":5,"minecraft:air":0,"minecraft:stick":90,"minecraft:stone_sword":6,"minecraft:white_bed":3,"minecraft:torch":124},"minecraft:dropped":{"minecraft:stone_hoe":1,"minecraft:cobblestone":1,"minecraft:tropical_fish":1,"minecraft:stone_axe":1,"minecraft:bowl":1,"minecraft:stone_pickaxe":1}},"DataVersion":3465}