{"stats":{"minecraft:picked_up":{"minecraft:spruce_log":14,"minecraft:cobblestone":6},"minecraft:custom":{"minecraft:jump":72,"minecraft:time_since_rest":7815,"minecraft:damage_dealt":20,"minecraft:crouch_one_cm":290,"minecraft:leave_game":1,"minecraft:interact_with_furnace":26,"minecraft:play_time":7815,"minecraft:damage_taken":60,"minecraft:time_since_death":7815,"minecraft:walk_one_cm":33303,"minecraft:sneak_time":225,"minecraft:total_world_time":7815,"minecraft:interact_with_crafting_table":16,"minecraft:fall_one_cm":778,"minecraft:fly_one_cm":67},"minecraft:used":{"minecraft:cobblestone":6},"minecraft:crafted":{"minecraft:spruce_planks":54,"minecraft:stick":12}},"DataVersion":3465}