{"stats":{"minecraft:picked_up":{"minecraft:wheat_seeds":1,"minecraft:spruce_log":4,"minecraft:dirt":1,"minecraft:cobblestone":25},"minecraft:custom":{"minecraft:time_since_rest":5253,"minecraft:crouch_one_cm":745,"minecraft:play_time":5253,"minecraft:sprint_one_cm":968,"minecraft:damage_taken":483,"minecraft:walk_one_cm":16816,"minecraft:sneak_time":402,"minecraft:jump":89,"minecraft:damage_dealt":225,"minecraft:time_since_death":5253,"minecraft:total_world_time":5253,"minecraft:fly_one_cm":2405,"minecraft:interact_with_crafting_table":2,"minecraft:fall_one_cm":6422},"minecraft:used":{"minecraft:crafting_table":1,"minecraft:stone_pickaxe":8,"minecraft:wooden_pickaxe":17},"minecraft:mined":{"minecraft:grass":7,"minecraft:grass_block":1,"minecraft:tall_grass":2,"minecraft:spruce_log":4,"minecraft:stone":25,"minecraft:fern":1},"minecraft:crafted":{"minecraft:stone_sword":1,"minecraft:stone_axe":1,"minecraft:crafting_table":1,"minecraft:spruce_planks":16,"minecraft:stick":8,"minecraft:stone_pickaxe":1,"minecraft:wooden_pickaxe":1}},"DataVersion":3465}