{"stats":{"minecraft:killed_by":{"minecraft:player":1},"minecraft:picked_up":{"minecraft:birch_door":2,"minecraft:crafting_table":6,"minecraft:wheat":13,"minecraft:chicken":5,"minecraft:flower_pot":2,"minecraft:lead":2,"minecraft:oak_stairs":1,"minecraft:potion":4,"minecraft:enchanted_book":1,"minecraft:stone_brick_stairs":13,"minecraft:music_disc_cat":1,"minecraft:raw_copper":56,"minecraft:cornflower":1,"minecraft:string":50,"minecraft:stone_stairs":1,"paraglider:goddess_statue":3,"minecraft:waxed_cut_copper_slab":2,"minecraft:cooked_salmon":6,"minecraft:iron_leggings":1,"minecraft:armor_stand":2,"minecraft:item_frame":1,"reliquary:chelicerae":2,"minecraft:cyan_carpet":13,"minecraft:beetroot":1,"minecraft:cracked_stone_bricks":1,"minecraft:cobbled_deepslate":105,"minecraft:bucket":4,"minecraft:spruce_planks":5,"minecraft:beef":69,"minecraft:rose_bush":1,"minecraft:calcite":50,"minecraft:poppy":1,"minecraft:chest":14,"hmag:golden_tropical_fish":2,"minecraft:egg":2,"minecraft:diamond_hoe":1,"minecraft:furnace":5,"minecraft:dark_oak_sapling":1,"minecraft:stick":14,"minecraft:raw_iron":8,"minecraft:stripped_mangrove_wood":5,"minecraft:copper_ingot":9,"minecraft:torch":30,"paraglider:kakariko_goddess_statue":1,"minecraft:porkchop":66,"minecraft:diorite":51,"minecraft:redstone":3,"minecraft:prismarine_crystals":4,"minecraft:iron_horse_armor":2,"minecraft:cauldron":2,"minecraft:purple_candle":3,"minecraft:stone_sword":1,"minecraft:waxed_cut_copper_stairs":3,"minecraft:tnt":4,"minecraft:arrow":14,"minecraft:mangrove_stairs":1,"minecraft:rotten_flesh":57,"minecraft:light_gray_bed":6,"minecraft:cooked_cod":5,"artifacts:villager_hat":1,"minecraft:beetroot_seeds":3,"minecraft:pumpkin_pie":4,"minecraft:hay_block":19,"create:asurine":5,"minecraft:gold_ingot":1,"relics:aqua_walker":1,"minecraft:saddle":2,"paraglider:horned_statue":1,"undead_revamp2:arapholia":2,"minecraft:mutton":8,"minecraft:cobblestone":549,"minecraft:white_wool":1,"hmag:spectral_soup":3,"minecraft:skeleton_skull":1,"relics:roller_skates":1,"minecraft:feather":2,"minecraft:andesite":25,"minecraft:black_bed":6,"minecraft:leather":36,"minecraft:potato":22,"paraglider:spirit_orb":18,"minecraft:flint":2,"minecraft:oak_log":33,"minecraft:chainmail_chestplate":2,"minecraft:gunpowder":20,"minecraft:lapis_lazuli":14,"minecraft:mangrove_slab":2,"minecraft:dirt":48,"minecraft:name_tag":3,"hmag:fire_bottle":1,"hmag:evil_crystal_fragment":3,"minecraft:bone":69,"minecraft:apple":23,"minecraft:stone_bricks":3,"minecraft:gray_terracotta":1,"minecraft:wheat_seeds":36,"minecraft:heart_of_the_sea":2,"minecraft:iron_ingot":28,"minecraft:cooked_chicken":6,"minecraft:mossy_stone_bricks":1,"minecraft:mossy_stone_brick_wall":1,"minecraft:gray_bed":3,"minecraft:oak_planks":3,"minecraft:flowering_azalea":1,"minecraft:iron_sword":2,"minecraft:book":12,"minecraft:scaffolding":1,"minecraft:music_disc_13":3,"minecraft:pumpkin":1,"minecraft:sweet_berries":16,"minecraft:chiseled_stone_bricks":4,"hmag:soul_powder":1,"minecraft:stone_brick_slab":2,"minecraft:dripstone_block":1,"minecraft:gravel":9,"minecraft:spruce_sapling":9,"minecraft:white_bed":8,"minecraft:spruce_log":100,"minecraft:nether_brick_slab":2,"minecraft:dark_oak_log":1,"minecraft:barrel":5,"minecraft:mossy_cobblestone":1,"undead_revamp2:heavytooth":1,"minecraft:pumpkin_seeds":13,"minecraft:diamond":2,"minecraft:stone_axe":1,"minecraft:iron_helmet":3,"minecraft:granite":2,"hmag:lemon":3,"minecraft:golden_apple":1,"minecraft:emerald":14,"minecraft:bread":25,"minecraft:oak_sapling":27,"reliquary:witch_hat":1,"minecraft:black_wool":1,"minecraft:melon_seeds":14,"minecraft:coal":47},"minecraft:custom":{"minecraft:mob_kills":102,"minecraft:interact_with_crafting_table":48,"minecraft:open_barrel":56,"minecraft:damage_dealt_resisted":914,"minecraft:eat_cake_slice":2,"minecraft:leave_game":4,"minecraft:time_since_death":61003,"minecraft:climb_one_cm":8680,"minecraft:damage_resisted":460,"minecraft:sprint_one_cm":709616,"minecraft:walk_one_cm":748060,"minecraft:drop":26,"minecraft:play_noteblock":2,"minecraft:play_time":249419,"minecraft:deaths":4,"minecraft:sneak_time":16246,"minecraft:walk_under_water_one_cm":44417,"minecraft:jump":5003,"minecraft:walk_on_water_one_cm":31340,"minecraft:total_world_time":249419,"minecraft:interact_with_furnace":66,"minecraft:sleep_in_bed":26,"minecraft:time_since_rest":11293,"minecraft:damage_taken":9856,"minecraft:damage_dealt":15140,"minecraft:swim_one_cm":11452,"minecraft:fly_one_cm":1023807,"minecraft:player_kills":2,"minecraft:open_chest":136,"minecraft:crouch_one_cm":45779,"minecraft:fall_one_cm":144999,"minecraft:horse_one_cm":9775},"minecraft:used":{"minecraft:stone_sword":156,"minecraft:armor_stand":1,"minecraft:stone_shovel":30,"minecraft:poppy":1,"minecraft:chest":17,"minecraft:torch":52,"paraglider:goddess_statue":2,"minecraft:chainmail_chestplate":1,"minecraft:nether_brick_slab":1,"minecraft:lava_bucket":1,"minecraft:item_frame":1,"minecraft:stone_bricks":1,"minecraft:barrel":1,"minecraft:stone_brick_stairs":1,"minecraft:waxed_cut_copper_slab":2,"minecraft:mangrove_slab":2,"minecraft:furnace":5,"minecraft:cooked_cod":4,"minecraft:gray_bed":3,"minecraft:cobbled_deepslate":18,"minecraft:potato":67,"minecraft:light_gray_bed":6,"minecraft:calcite":7,"minecraft:cooked_mutton":3,"minecraft:water_bucket":2,"minecraft:mossy_stone_bricks":1,"minecraft:cobblestone_stairs":1,"minecraft:stone_pickaxe":903,"minecraft:wooden_pickaxe":17,"minecraft:mossy_cobblestone":1,"minecraft:crafting_table":14,"minecraft:dripstone_block":1,"minecraft:white_bed":10,"minecraft:black_bed":6,"minecraft:bread":126,"paraglider:kakariko_goddess_statue":1,"minecraft:stone_axe":512,"minecraft:cobblestone":182,"minecraft:bucket":4,"minecraft:cooked_porkchop":2,"minecraft:andesite":9,"minecraft:waxed_cut_copper_stairs":3},"minecraft:mined":{"undead_revamp2:arapholia":2,"minecraft:dark_oak_planks":1,"minecraft:waxed_cut_copper_slab":2,"minecraft:spruce_planks":5,"minecraft:white_bed":8,"minecraft:mossy_cobblestone":1,"minecraft:andesite_stairs":1,"minecraft:cobblestone_stairs":1,"minecraft:dark_oak_log":1,"minecraft:red_nether_bricks":9,"minecraft:potted_flowering_azalea_bush":1,"minecraft:glow_lichen":1,"minecraft:granite":5,"minecraft:grass_block":14,"minecraft:light_gray_bed":6,"minecraft:white_concrete":2,"minecraft:spruce_leaves":1,"minecraft:chiseled_stone_bricks":4,"minecraft:spawner":8,"minecraft:hay_block":19,"minecraft:black_stained_glass_pane":3,"minecraft:potted_dark_oak_sapling":1,"minecraft:furnace":5,"minecraft:dark_oak_trapdoor":2,"minecraft:iron_ore":3,"minecraft:barrel":9,"minecraft:fire":68,"minecraft:andesite":14,"minecraft:black_concrete":3,"create:asurine":3,"minecraft:dark_oak_stairs":1,"minecraft:bookshelf":5,"minecraft:skeleton_wall_skull":1,"minecraft:water_cauldron":2,"minecraft:deepslate_iron_ore":5,"minecraft:oak_stairs":1,"minecraft:smooth_quartz_stairs":2,"minecraft:stone":427,"minecraft:stripped_mangrove_wood":5,"minecraft:waxed_cut_copper_stairs":3,"minecraft:gray_terracotta":1,"minecraft:scaffolding":2,"minecraft:glass_pane":10,"minecraft:stone_brick_slab":2,"minecraft:crafting_table":5,"minecraft:torch":7,"minecraft:calcite":47,"minecraft:poppy":1,"minecraft:chest":16,"minecraft:rose_bush":1,"minecraft:nether_brick_slab":2,"minecraft:lightning_rod":2,"minecraft:tall_grass":4,"minecraft:copper_ore":13,"minecraft:cobblestone":62,"minecraft:lapis_ore":1,"minecraft:oak_planks":3,"minecraft:sculk":9,"minecraft:diorite":22,"minecraft:wall_torch":15,"minecraft:air":17,"minecraft:spruce_stairs":1,"minecraft:stone_stairs":1,"minecraft:mossy_stone_brick_wall":1,"minecraft:beehive":1,"paraglider:horned_statue":1,"minecraft:sweet_berry_bush":8,"minecraft:gray_bed":3,"paraglider:kakariko_goddess_statue":2,"minecraft:spruce_log":91,"minecraft:birch_door":1,"minecraft:black_bed":7,"minecraft:stone_brick_stairs":14,"minecraft:grass":79,"minecraft:mangrove_slab":1,"minecraft:coal_ore":44,"minecraft:oak_log":19,"minecraft:dripstone_block":2,"minecraft:cyan_carpet":6,"minecraft:gravel":11,"minecraft:smooth_quartz":1,"minecraft:dirt":27,"minecraft:cobweb":15,"minecraft:cracked_stone_bricks":1,"minecraft:stone_bricks":3,"minecraft:mossy_stone_bricks":1,"minecraft:oak_leaves":8,"minecraft:deepslate":134,"minecraft:fern":2,"paraglider:goddess_statue":4},"minecraft:broken":{"minecraft:stone_pickaxe":6,"minecraft:stone_axe":3},"minecraft:killed":{"undead_revamp2:thewolf":1,"undead_revamp2:thehunter":1,"undead_revamp2:axestrom":3,"hmag:skeleton_girl":1,"minecraft:skeleton":5,"minecraft:chicken":5,"crittersandcompanions:otter":1,"undead_revamp2:sucker":2,"minecraft:husk":4,"minecraft:pig":32,"undead_revamp2:the_moonflower":3,"undead_revamp2:theheavy":1,"minecraft:sheep":2,"minecraft:cow":40},"minecraft:dropped":{"minecraft:wheat_seeds":3,"minecraft:cobblestone":60,"minecraft:saddle":1,"relics:roller_skates":1,"minecraft:torch":1,"minecraft:cornflower":1,"minecraft:cooked_cod":1,"hmag:spectral_soup":1,"minecraft:bucket":1,"minecraft:bone":14,"minecraft:armor_stand":1,"minecraft:cooked_chicken":6,"hmag:fire_bottle":1,"minecraft:rotten_flesh":12,"sophisticatedbackpacks:backpack":2,"minecraft:gray_terracotta":1,"minecraft:melon_seeds":7,"minecraft:spruce_log":14,"minecraft:stone_pickaxe":4},"minecraft:crafted":{"minecraft:oak_planks":52,"minecraft:stone_shovel":1,"minecraft:cooked_chicken":6,"minecraft:furnace":4,"minecraft:cobblestone_stairs":52,"sophisticatedbackpacks:crafting_upgrade":1,"minecraft:cooked_mutton":3,"sophisticatedbackpacks:smelting_upgrade":1,"sophisticatedbackpacks:copper_backpack":2,"minecraft:stone_pickaxe":12,"minecraft:chest":9,"sophisticatedbackpacks:iron_backpack":2,"minecraft:wheat":171,"minecraft:cooked_beef":31,"material_elements:leather_knife":1,"sophisticatedbackpacks:backpack":4,"minecraft:cooked_porkchop":28,"minecraft:crafting_table":10,"minecraft:spruce_planks":128,"minecraft:wooden_pickaxe":1,"minecraft:copper_ingot":15,"sophisticatedbackpacks:gold_backpack":1,"minecraft:bucket":1,"minecraft:stone_axe":6,"sophisticatedbackpacks:upgrade_base":2,"minecraft:bread":59,"minecraft:air":0,"minecraft:white_wool":3,"minecraft:charcoal":31,"minecraft:stick":44,"minecraft:stone_sword":1,"minecraft:white_bed":2,"minecraft:torch":48}},"DataVersion":3465}