{"stats":{"minecraft:killed_by":{"minecraft:player":1},"minecraft:picked_up":{"minecraft:crafting_table":2,"minecraft:feather":2,"minecraft:chicken":5,"minecraft:andesite":2,"minecraft:leather":15,"minecraft:lead":2,"minecraft:enchanted_book":1,"minecraft:potion":4,"paraglider:spirit_orb":1,"minecraft:gunpowder":6,"minecraft:string":17,"minecraft:dirt":5,"minecraft:stone_stairs":1,"minecraft:raw_copper":21,"minecraft:cooked_salmon":4,"minecraft:name_tag":1,"hmag:fire_bottle":1,"minecraft:bone":25,"minecraft:apple":1,"minecraft:wheat_seeds":3,"minecraft:bucket":1,"minecraft:heart_of_the_sea":1,"minecraft:beef":31,"minecraft:iron_ingot":12,"minecraft:cooked_chicken":6,"minecraft:gray_bed":2,"minecraft:chest":4,"hmag:golden_tropical_fish":2,"minecraft:iron_sword":1,"minecraft:diamond_hoe":1,"minecraft:furnace":5,"minecraft:stick":3,"minecraft:music_disc_13":1,"minecraft:sweet_berries":16,"minecraft:copper_ingot":6,"minecraft:torch":2,"minecraft:gravel":1,"minecraft:porkchop":28,"minecraft:white_bed":1,"minecraft:spruce_log":100,"minecraft:redstone":1,"minecraft:iron_horse_armor":1,"minecraft:barrel":2,"minecraft:pumpkin_seeds":4,"minecraft:rotten_flesh":24,"minecraft:cooked_cod":4,"minecraft:diamond":2,"hmag:lemon":3,"minecraft:saddle":1,"minecraft:golden_apple":1,"relics:aqua_walker":1,"minecraft:gold_ingot":1,"minecraft:emerald":9,"minecraft:melon_seeds":14,"reliquary:witch_hat":1,"minecraft:oak_sapling":10,"minecraft:skeleton_skull":1,"minecraft:black_wool":1,"minecraft:coal":4,"minecraft:mutton":3,"undead_revamp2:arapholia":1,"minecraft:white_wool":1,"minecraft:cobblestone":137},"minecraft:custom":{"minecraft:interact_with_furnace":62,"minecraft:mob_kills":35,"minecraft:interact_with_crafting_table":20,"minecraft:open_barrel":6,"minecraft:leave_game":1,"minecraft:time_since_death":34414,"minecraft:sleep_in_bed":2,"minecraft:climb_one_cm":1159,"minecraft:time_since_rest":1877,"minecraft:sprint_one_cm":63141,"minecraft:damage_taken":723,"minecraft:walk_one_cm":109686,"minecraft:drop":8,"minecraft:damage_dealt":3615,"minecraft:fly_one_cm":119672,"minecraft:player_kills":2,"minecraft:open_chest":19,"minecraft:crouch_one_cm":6366,"minecraft:play_time":41054,"minecraft:deaths":1,"minecraft:sneak_time":2151,"minecraft:jump":719,"minecraft:walk_on_water_one_cm":47,"minecraft:total_world_time":41054,"minecraft:fall_one_cm":22525},"minecraft:used":{"minecraft:stone_sword":19,"minecraft:stone_shovel":2,"minecraft:stone_pickaxe":79,"minecraft:chest":2,"minecraft:wooden_pickaxe":17,"minecraft:crafting_table":6,"minecraft:white_bed":1,"minecraft:stone_axe":165,"minecraft:cobblestone":6,"minecraft:furnace":5,"minecraft:cooked_porkchop":2,"minecraft:gray_bed":1},"minecraft:mined":{"undead_revamp2:arapholia":1,"minecraft:white_bed":1,"minecraft:andesite_stairs":1,"minecraft:crafting_table":2,"minecraft:torch":1,"minecraft:grass_block":2,"minecraft:chest":4,"minecraft:copper_ore":5,"minecraft:tall_grass":4,"minecraft:cobblestone":6,"minecraft:wall_torch":1,"minecraft:air":10,"minecraft:stone_stairs":1,"minecraft:furnace":5,"minecraft:barrel":2,"minecraft:sweet_berry_bush":6,"minecraft:gray_bed":2,"minecraft:spruce_log":91,"minecraft:andesite":2,"minecraft:grass":25,"minecraft:skeleton_wall_skull":1,"minecraft:gravel":1,"minecraft:dirt":3,"minecraft:stone":73,"minecraft:fern":1},"minecraft:broken":{"minecraft:stone_axe":1},"minecraft:killed":{"minecraft:pig":13,"minecraft:sheep":2,"minecraft:chicken":5,"minecraft:cow":15},"minecraft:dropped":{"hmag:fire_bottle":1,"minecraft:cooked_chicken":6,"minecraft:cobblestone":60,"minecraft:rotten_flesh":12,"minecraft:saddle":1,"minecraft:melon_seeds":7,"minecraft:spruce_log":14},"minecraft:crafted":{"minecraft:cooked_beef":31,"minecraft:stone_shovel":1,"sophisticatedbackpacks:backpack":1,"minecraft:cooked_porkchop":28,"minecraft:crafting_table":5,"minecraft:spruce_planks":44,"minecraft:wooden_pickaxe":1,"minecraft:cooked_chicken":6,"minecraft:furnace":3,"minecraft:copper_ingot":15,"minecraft:stone_axe":2,"minecraft:cooked_mutton":3,"minecraft:air":0,"minecraft:white_wool":3,"sophisticatedbackpacks:copper_backpack":1,"minecraft:charcoal":31,"minecraft:stick":12,"minecraft:stone_pickaxe":1,"minecraft:stone_sword":1,"minecraft:chest":1,"minecraft:white_bed":1,"sophisticatedbackpacks:iron_backpack":1}},"DataVersion":3465}