{"stats":{"minecraft:killed_by":{"minecraft:player":1},"minecraft:picked_up":{"minecraft:crafting_table":3,"minecraft:chicken":5,"minecraft:flower_pot":1,"minecraft:lead":2,"minecraft:oak_stairs":1,"minecraft:potion":4,"minecraft:enchanted_book":1,"minecraft:stone_brick_stairs":13,"paraglider:goddess_statue":2,"minecraft:string":28,"minecraft:stone_stairs":1,"minecraft:raw_copper":21,"minecraft:cooked_salmon":4,"minecraft:iron_leggings":1,"minecraft:item_frame":1,"minecraft:armor_stand":2,"minecraft:cracked_stone_bricks":1,"minecraft:bucket":2,"minecraft:beef":42,"hmag:golden_tropical_fish":2,"minecraft:chest":11,"minecraft:egg":1,"minecraft:diamond_hoe":1,"minecraft:furnace":5,"minecraft:dark_oak_sapling":1,"minecraft:stick":10,"minecraft:copper_ingot":9,"minecraft:torch":4,"paraglider:kakariko_goddess_statue":1,"minecraft:porkchop":56,"minecraft:redstone":1,"minecraft:iron_horse_armor":1,"minecraft:cauldron":2,"minecraft:stone_sword":1,"minecraft:rotten_flesh":24,"minecraft:cooked_cod":5,"artifacts:villager_hat":1,"minecraft:hay_block":14,"relics:aqua_walker":1,"minecraft:saddle":1,"minecraft:gold_ingot":1,"paraglider:horned_statue":1,"minecraft:mutton":8,"minecraft:cobblestone":160,"undead_revamp2:arapholia":2,"minecraft:skeleton_skull":1,"minecraft:white_wool":1,"relics:roller_skates":1,"minecraft:feather":2,"minecraft:andesite":2,"minecraft:leather":20,"minecraft:potato":16,"paraglider:spirit_orb":7,"minecraft:oak_log":33,"minecraft:gunpowder":6,"minecraft:dirt":14,"minecraft:name_tag":1,"hmag:fire_bottle":1,"minecraft:bone":39,"minecraft:apple":4,"minecraft:stone_bricks":3,"minecraft:gray_terracotta":1,"minecraft:wheat_seeds":19,"minecraft:heart_of_the_sea":1,"minecraft:iron_ingot":12,"minecraft:cooked_chicken":6,"minecraft:mossy_stone_bricks":1,"minecraft:mossy_stone_brick_wall":1,"minecraft:gray_bed":3,"minecraft:oak_planks":3,"minecraft:iron_sword":1,"minecraft:book":3,"minecraft:scaffolding":1,"minecraft:music_disc_13":1,"minecraft:sweet_berries":16,"minecraft:chiseled_stone_bricks":4,"minecraft:stone_brick_slab":2,"minecraft:gravel":1,"minecraft:spruce_sapling":9,"minecraft:white_bed":5,"minecraft:spruce_log":100,"minecraft:dark_oak_log":1,"minecraft:barrel":2,"minecraft:pumpkin_seeds":9,"minecraft:diamond":2,"minecraft:iron_helmet":2,"hmag:lemon":3,"minecraft:golden_apple":1,"minecraft:emerald":14,"minecraft:bread":11,"minecraft:oak_sapling":27,"reliquary:witch_hat":1,"minecraft:black_wool":1,"minecraft:melon_seeds":14,"minecraft:coal":5},"minecraft:custom":{"minecraft:mob_kills":58,"minecraft:interact_with_crafting_table":31,"minecraft:open_barrel":14,"minecraft:leave_game":1,"minecraft:time_since_death":94414,"minecraft:climb_one_cm":4027,"minecraft:sprint_one_cm":317890,"minecraft:walk_one_cm":259444,"minecraft:drop":16,"minecraft:play_time":101054,"minecraft:deaths":1,"minecraft:sneak_time":3773,"minecraft:jump":2249,"minecraft:walk_on_water_one_cm":413,"minecraft:total_world_time":101054,"minecraft:interact_with_furnace":64,"minecraft:sleep_in_bed":6,"minecraft:time_since_rest":7635,"minecraft:damage_taken":1853,"minecraft:damage_dealt":6012,"minecraft:fly_one_cm":473031,"minecraft:player_kills":2,"minecraft:open_chest":110,"minecraft:crouch_one_cm":12740,"minecraft:fall_one_cm":67845,"minecraft:horse_one_cm":9775},"minecraft:used":{"minecraft:stone_sword":30,"minecraft:armor_stand":1,"minecraft:stone_shovel":10,"minecraft:chest":15,"minecraft:torch":1,"minecraft:stone_brick_stairs":1,"minecraft:stone_bricks":1,"minecraft:item_frame":1,"minecraft:furnace":5,"minecraft:cooked_cod":4,"minecraft:gray_bed":3,"minecraft:potato":59,"minecraft:water_bucket":1,"minecraft:cooked_mutton":3,"minecraft:mossy_stone_bricks":1,"minecraft:stone_pickaxe":149,"minecraft:wooden_pickaxe":17,"minecraft:crafting_table":9,"minecraft:white_bed":4,"minecraft:bread":18,"minecraft:stone_axe":268,"minecraft:cobblestone":12,"minecraft:cooked_porkchop":2,"minecraft:bucket":1},"minecraft:mined":{"undead_revamp2:arapholia":2,"minecraft:white_bed":5,"minecraft:andesite_stairs":1,"minecraft:dark_oak_log":1,"minecraft:grass_block":6,"minecraft:spruce_leaves":1,"minecraft:chiseled_stone_bricks":4,"minecraft:spawner":3,"minecraft:hay_block":14,"minecraft:black_stained_glass_pane":1,"minecraft:potted_dark_oak_sapling":1,"minecraft:furnace":5,"minecraft:barrel":2,"minecraft:andesite":2,"minecraft:bookshelf":2,"minecraft:skeleton_wall_skull":1,"minecraft:water_cauldron":2,"minecraft:oak_stairs":1,"minecraft:stone":99,"minecraft:gray_terracotta":1,"minecraft:scaffolding":2,"minecraft:glass_pane":10,"minecraft:stone_brick_slab":2,"minecraft:crafting_table":3,"minecraft:torch":2,"minecraft:chest":13,"minecraft:tall_grass":4,"minecraft:copper_ore":6,"minecraft:cobblestone":6,"minecraft:oak_planks":3,"minecraft:wall_torch":1,"minecraft:air":17,"minecraft:stone_stairs":1,"minecraft:mossy_stone_brick_wall":1,"paraglider:horned_statue":1,"minecraft:sweet_berry_bush":8,"minecraft:gray_bed":3,"paraglider:kakariko_goddess_statue":1,"minecraft:spruce_log":91,"minecraft:stone_brick_stairs":14,"minecraft:grass":66,"minecraft:oak_log":19,"minecraft:coal_ore":1,"minecraft:gravel":1,"minecraft:dirt":9,"minecraft:cobweb":11,"minecraft:cracked_stone_bricks":1,"minecraft:stone_bricks":3,"minecraft:mossy_stone_bricks":1,"minecraft:oak_leaves":8,"minecraft:fern":1,"paraglider:goddess_statue":2},"minecraft:broken":{"minecraft:stone_pickaxe":1,"minecraft:stone_axe":2},"minecraft:killed":{"minecraft:chicken":5,"minecraft:pig":28,"minecraft:sheep":2,"minecraft:cow":23},"minecraft:dropped":{"minecraft:cobblestone":60,"minecraft:saddle":1,"relics:roller_skates":1,"minecraft:cooked_cod":1,"minecraft:bucket":1,"minecraft:bone":14,"minecraft:armor_stand":1,"minecraft:cooked_chicken":6,"hmag:fire_bottle":1,"minecraft:rotten_flesh":12,"sophisticatedbackpacks:backpack":2,"minecraft:gray_terracotta":1,"minecraft:melon_seeds":7,"minecraft:spruce_log":14},"minecraft:crafted":{"minecraft:oak_planks":12,"minecraft:stone_shovel":1,"minecraft:cooked_chicken":6,"minecraft:furnace":3,"minecraft:cooked_mutton":3,"sophisticatedbackpacks:copper_backpack":2,"minecraft:stone_pickaxe":3,"minecraft:chest":8,"minecraft:wheat":126,"sophisticatedbackpacks:iron_backpack":2,"minecraft:cooked_beef":31,"sophisticatedbackpacks:backpack":4,"minecraft:cooked_porkchop":28,"minecraft:crafting_table":6,"minecraft:spruce_planks":128,"minecraft:wooden_pickaxe":1,"minecraft:copper_ingot":15,"sophisticatedbackpacks:gold_backpack":1,"minecraft:stone_axe":3,"minecraft:bread":42,"minecraft:air":0,"minecraft:white_wool":3,"minecraft:charcoal":31,"minecraft:stick":12,"minecraft:stone_sword":1,"minecraft:white_bed":1}},"DataVersion":3465}