{"stats":{"minecraft:killed_by":{"minecraft:player":1},"minecraft:picked_up":{"minecraft:birch_door":2,"minecraft:crafting_table":5,"minecraft:wheat":13,"minecraft:chicken":5,"minecraft:flower_pot":2,"minecraft:lead":2,"minecraft:oak_stairs":1,"minecraft:potion":4,"minecraft:enchanted_book":1,"minecraft:stone_brick_stairs":13,"minecraft:music_disc_cat":1,"paraglider:goddess_statue":3,"minecraft:string":47,"minecraft:waxed_cut_copper_slab":2,"minecraft:stone_stairs":1,"minecraft:raw_copper":34,"minecraft:cooked_salmon":6,"minecraft:iron_leggings":1,"minecraft:item_frame":1,"minecraft:armor_stand":2,"reliquary:chelicerae":2,"minecraft:cyan_carpet":13,"minecraft:beetroot":1,"minecraft:cracked_stone_bricks":1,"minecraft:bucket":4,"minecraft:spruce_planks":5,"minecraft:beef":69,"minecraft:rose_bush":1,"minecraft:calcite":22,"hmag:golden_tropical_fish":2,"minecraft:chest":13,"minecraft:egg":2,"minecraft:diamond_hoe":1,"minecraft:furnace":5,"minecraft:dark_oak_sapling":1,"minecraft:raw_iron":2,"minecraft:stick":14,"minecraft:stripped_mangrove_wood":5,"minecraft:copper_ingot":9,"minecraft:torch":14,"paraglider:kakariko_goddess_statue":1,"minecraft:porkchop":66,"minecraft:redstone":3,"minecraft:prismarine_crystals":4,"minecraft:iron_horse_armor":2,"minecraft:cauldron":2,"minecraft:tnt":4,"minecraft:waxed_cut_copper_stairs":3,"minecraft:purple_candle":3,"minecraft:mangrove_stairs":1,"minecraft:light_gray_bed":4,"minecraft:stone_sword":1,"minecraft:arrow":14,"minecraft:rotten_flesh":46,"minecraft:cooked_cod":5,"minecraft:beetroot_seeds":3,"artifacts:villager_hat":1,"minecraft:pumpkin_pie":4,"minecraft:hay_block":19,"relics:aqua_walker":1,"minecraft:saddle":2,"minecraft:gold_ingot":1,"hmag:spectral_soup":3,"paraglider:horned_statue":1,"minecraft:mutton":8,"minecraft:cobblestone":174,"undead_revamp2:arapholia":2,"minecraft:skeleton_skull":1,"minecraft:white_wool":1,"relics:roller_skates":1,"minecraft:feather":2,"minecraft:andesite":8,"minecraft:black_bed":2,"minecraft:leather":36,"minecraft:potato":22,"paraglider:spirit_orb":18,"minecraft:flint":1,"minecraft:oak_log":33,"minecraft:chainmail_chestplate":1,"minecraft:gunpowder":20,"minecraft:mangrove_slab":2,"minecraft:dirt":25,"minecraft:name_tag":3,"hmag:fire_bottle":1,"hmag:evil_crystal_fragment":3,"minecraft:bone":69,"minecraft:apple":23,"minecraft:stone_bricks":3,"minecraft:gray_terracotta":1,"minecraft:wheat_seeds":32,"minecraft:heart_of_the_sea":2,"minecraft:iron_ingot":22,"minecraft:cooked_chicken":6,"minecraft:mossy_stone_bricks":1,"minecraft:mossy_stone_brick_wall":1,"minecraft:flowering_azalea":1,"minecraft:gray_bed":3,"minecraft:oak_planks":3,"minecraft:iron_sword":2,"minecraft:book":12,"minecraft:scaffolding":1,"minecraft:music_disc_13":3,"minecraft:sweet_berries":16,"minecraft:chiseled_stone_bricks":4,"hmag:soul_powder":1,"minecraft:stone_brick_slab":2,"minecraft:gravel":1,"minecraft:spruce_sapling":9,"minecraft:nether_brick_slab":2,"minecraft:white_bed":8,"minecraft:spruce_log":100,"minecraft:dark_oak_log":1,"minecraft:barrel":5,"minecraft:mossy_cobblestone":1,"minecraft:pumpkin_seeds":13,"minecraft:diamond":2,"minecraft:stone_axe":1,"minecraft:iron_helmet":3,"hmag:lemon":3,"minecraft:golden_apple":1,"minecraft:emerald":14,"minecraft:bread":25,"minecraft:oak_sapling":27,"reliquary:witch_hat":1,"minecraft:black_wool":1,"minecraft:melon_seeds":14,"minecraft:coal":7},"minecraft:custom":{"minecraft:mob_kills":92,"minecraft:interact_with_crafting_table":45,"minecraft:open_barrel":53,"minecraft:damage_dealt_resisted":217,"minecraft:eat_cake_slice":2,"minecraft:leave_game":1,"minecraft:time_since_death":30417,"minecraft:climb_one_cm":8680,"minecraft:damage_resisted":460,"minecraft:sprint_one_cm":480414,"minecraft:walk_one_cm":494268,"minecraft:drop":16,"minecraft:play_noteblock":2,"minecraft:play_time":167054,"minecraft:deaths":2,"minecraft:sneak_time":7357,"minecraft:walk_under_water_one_cm":158,"minecraft:jump":3438,"minecraft:walk_on_water_one_cm":1522,"minecraft:total_world_time":167054,"minecraft:interact_with_furnace":66,"minecraft:sleep_in_bed":18,"minecraft:time_since_rest":11356,"minecraft:damage_taken":6260,"minecraft:damage_dealt":12171,"minecraft:fly_one_cm":757602,"minecraft:player_kills":2,"minecraft:open_chest":129,"minecraft:crouch_one_cm":23711,"minecraft:fall_one_cm":108382,"minecraft:horse_one_cm":9775},"minecraft:used":{"minecraft:stone_sword":96,"minecraft:armor_stand":1,"minecraft:stone_shovel":11,"minecraft:chest":15,"minecraft:torch":13,"paraglider:goddess_statue":2,"minecraft:nether_brick_slab":1,"minecraft:lava_bucket":1,"minecraft:barrel":1,"minecraft:stone_brick_stairs":1,"minecraft:stone_bricks":1,"minecraft:item_frame":1,"minecraft:waxed_cut_copper_slab":2,"minecraft:mangrove_slab":2,"minecraft:furnace":5,"minecraft:cooked_cod":4,"minecraft:gray_bed":3,"minecraft:potato":67,"minecraft:light_gray_bed":3,"minecraft:calcite":7,"minecraft:water_bucket":2,"minecraft:cooked_mutton":3,"minecraft:mossy_stone_bricks":1,"minecraft:stone_pickaxe":249,"minecraft:wooden_pickaxe":17,"minecraft:mossy_cobblestone":1,"minecraft:crafting_table":11,"minecraft:white_bed":9,"minecraft:black_bed":1,"minecraft:bread":67,"minecraft:stone_axe":479,"minecraft:cobblestone":19,"minecraft:cooked_porkchop":2,"minecraft:andesite":5,"minecraft:bucket":4,"minecraft:waxed_cut_copper_stairs":3},"minecraft:mined":{"undead_revamp2:arapholia":2,"minecraft:dark_oak_planks":1,"minecraft:waxed_cut_copper_slab":2,"minecraft:spruce_planks":5,"minecraft:white_bed":8,"minecraft:mossy_cobblestone":1,"minecraft:andesite_stairs":1,"minecraft:dark_oak_log":1,"minecraft:red_nether_bricks":9,"minecraft:potted_flowering_azalea_bush":1,"minecraft:grass_block":8,"minecraft:light_gray_bed":4,"minecraft:spruce_leaves":1,"minecraft:chiseled_stone_bricks":4,"minecraft:spawner":8,"minecraft:hay_block":19,"minecraft:black_stained_glass_pane":3,"minecraft:potted_dark_oak_sapling":1,"minecraft:furnace":5,"minecraft:dark_oak_trapdoor":2,"minecraft:fire":68,"minecraft:iron_ore":2,"minecraft:barrel":9,"minecraft:andesite":7,"minecraft:dark_oak_stairs":1,"minecraft:bookshelf":5,"minecraft:skeleton_wall_skull":1,"minecraft:water_cauldron":2,"minecraft:oak_stairs":1,"minecraft:smooth_quartz_stairs":2,"minecraft:stripped_mangrove_wood":5,"minecraft:stone":110,"minecraft:waxed_cut_copper_stairs":3,"minecraft:gray_terracotta":1,"minecraft:scaffolding":2,"minecraft:glass_pane":10,"minecraft:stone_brick_slab":2,"minecraft:crafting_table":4,"minecraft:torch":5,"minecraft:calcite":27,"minecraft:rose_bush":1,"minecraft:chest":15,"minecraft:nether_brick_slab":2,"minecraft:lightning_rod":2,"minecraft:tall_grass":4,"minecraft:copper_ore":9,"minecraft:cobblestone":9,"minecraft:oak_planks":3,"minecraft:wall_torch":4,"minecraft:air":17,"minecraft:spruce_stairs":1,"minecraft:stone_stairs":1,"minecraft:mossy_stone_brick_wall":1,"minecraft:beehive":1,"paraglider:horned_statue":1,"minecraft:sweet_berry_bush":8,"minecraft:gray_bed":3,"paraglider:kakariko_goddess_statue":1,"minecraft:spruce_log":91,"minecraft:birch_door":1,"minecraft:black_bed":2,"minecraft:stone_brick_stairs":14,"minecraft:grass":74,"minecraft:mangrove_slab":1,"minecraft:oak_log":19,"minecraft:coal_ore":3,"minecraft:cyan_carpet":6,"minecraft:gravel":2,"minecraft:dirt":9,"minecraft:cobweb":14,"minecraft:cracked_stone_bricks":1,"minecraft:stone_bricks":3,"minecraft:mossy_stone_bricks":1,"minecraft:oak_leaves":8,"minecraft:fern":1,"paraglider:goddess_statue":4},"minecraft:broken":{"minecraft:stone_pickaxe":1,"minecraft:stone_axe":3},"minecraft:killed":{"undead_revamp2:thehunter":1,"hmag:skeleton_girl":1,"minecraft:skeleton":5,"minecraft:chicken":5,"crittersandcompanions:otter":1,"minecraft:husk":4,"minecraft:pig":32,"minecraft:sheep":2,"minecraft:cow":40},"minecraft:dropped":{"minecraft:cobblestone":60,"minecraft:saddle":1,"relics:roller_skates":1,"minecraft:cooked_cod":1,"minecraft:bucket":1,"minecraft:bone":14,"minecraft:armor_stand":1,"minecraft:cooked_chicken":6,"hmag:fire_bottle":1,"minecraft:rotten_flesh":12,"sophisticatedbackpacks:backpack":2,"minecraft:gray_terracotta":1,"minecraft:melon_seeds":7,"minecraft:spruce_log":14},"minecraft:crafted":{"minecraft:oak_planks":12,"minecraft:stone_shovel":1,"minecraft:cooked_chicken":6,"minecraft:furnace":4,"sophisticatedbackpacks:crafting_upgrade":1,"minecraft:cooked_mutton":3,"sophisticatedbackpacks:smelting_upgrade":1,"sophisticatedbackpacks:copper_backpack":2,"minecraft:stone_pickaxe":3,"minecraft:chest":9,"minecraft:wheat":171,"sophisticatedbackpacks:iron_backpack":2,"minecraft:cooked_beef":31,"material_elements:leather_knife":1,"sophisticatedbackpacks:backpack":4,"minecraft:cooked_porkchop":28,"minecraft:crafting_table":9,"minecraft:spruce_planks":128,"minecraft:wooden_pickaxe":1,"minecraft:copper_ingot":15,"sophisticatedbackpacks:gold_backpack":1,"minecraft:bucket":1,"minecraft:stone_axe":6,"sophisticatedbackpacks:upgrade_base":2,"minecraft:bread":59,"minecraft:air":0,"minecraft:white_wool":3,"minecraft:charcoal":31,"minecraft:stick":20,"minecraft:stone_sword":1,"minecraft:white_bed":1}},"DataVersion":3465}