{"stats":{"minecraft:custom":{"minecraft:interact_with_crafting_table":67,"minecraft:open_barrel":81,"minecraft:eat_cake_slice":2,"minecraft:leave_game":9,"minecraft:time_since_death":45209,"minecraft:damage_resisted":460,"minecraft:sprint_one_cm":786130,"minecraft:drop":38,"minecraft:play_noteblock":2,"minecraft:play_time":396892,"minecraft:deaths":11,"minecraft:jump":6331,"minecraft:walk_on_water_one_cm":31340,"minecraft:interact_with_furnace":66,"minecraft:sleep_in_bed":26,"minecraft:damage_dealt":26456,"minecraft:player_kills":4,"minecraft:crouch_one_cm":192598,"minecraft:horse_one_cm":9775,"minecraft:mob_kills":146,"minecraft:damage_dealt_resisted":976,"minecraft:climb_one_cm":8680,"minecraft:walk_one_cm":1091830,"minecraft:sneak_time":53400,"minecraft:walk_under_water_one_cm":44417,"minecraft:interact_with_blast_furnace":1,"minecraft:total_world_time":396892,"minecraft:time_since_rest":45262,"minecraft:damage_taken":19889,"minecraft:swim_one_cm":11452,"minecraft:fly_one_cm":1114249,"minecraft:open_chest":149,"minecraft:fall_one_cm":165166},"minecraft:used":{"minecraft:poppy":1,"minecraft:chest":17,"paraglider:goddess_statue":2,"minecraft:lava_bucket":1,"minecraft:item_frame":1,"minecraft:stone_brick_stairs":1,"minecraft:stone_bricks":1,"minecraft:furnace":5,"minecraft:cooked_cod":4,"minecraft:mangrove_slab":2,"minecraft:gray_bed":3,"minecraft:potato":67,"minecraft:mossy_stone_bricks":1,"minecraft:stone_pickaxe":1458,"minecraft:wooden_pickaxe":17,"minecraft:dripstone_block":1,"minecraft:black_bed":6,"minecraft:bread":133,"paraglider:kakariko_goddess_statue":1,"minecraft:andesite":9,"minecraft:waxed_cut_copper_stairs":3,"minecraft:oak_trapdoor":10,"minecraft:stone_sword":371,"minecraft:armor_stand":1,"minecraft:stone_shovel":54,"minecraft:stone_hoe":2862,"minecraft:torch":115,"minecraft:chainmail_chestplate":1,"minecraft:nether_brick_slab":1,"minecraft:oak_fence_gate":2,"minecraft:barrel":5,"minecraft:waxed_cut_copper_slab":2,"minecraft:cooked_beef":81,"minecraft:cobbled_deepslate":108,"minecraft:light_gray_bed":6,"minecraft:calcite":7,"minecraft:cooked_mutton":3,"minecraft:water_bucket":2,"minecraft:cobblestone_stairs":25,"minecraft:mossy_cobblestone":1,"minecraft:crafting_table":15,"minecraft:white_bed":10,"minecraft:iron_pickaxe":51,"minecraft:spruce_trapdoor":3,"minecraft:stone_axe":607,"minecraft:cobblestone":227,"majruszsdifficulty:warden_treasure_bag":1,"minecraft:cooked_porkchop":2,"minecraft:bucket":4},"minecraft:dropped":{"minecraft:chest_minecart":2,"minecraft:saddle":1,"minecraft:cornflower":1,"minecraft:cooked_cod":1,"hmag:spectral_soup":1,"minecraft:bone":14,"minecraft:armor_stand":1,"minecraft:cooked_chicken":6,"hmag:fire_bottle":1,"minecraft:rotten_flesh":33,"minecraft:melon_seeds":7,"minecraft:stone_hoe":1,"minecraft:wheat_seeds":3,"minecraft:minecart":2,"minecraft:cobblestone":124,"relics:roller_skates":1,"minecraft:torch":2,"minecraft:pumpkin":1,"minecraft:bucket":1,"sophisticatedbackpacks:backpack":2,"minecraft:gray_terracotta":1,"minecraft:spider_eye":1,"minecraft:spruce_log":14,"minecraft:stone_pickaxe":6},"minecraft:mined":{"undead_revamp2:arapholia":2,"minecraft:dark_oak_planks":1,"minecraft:waxed_cut_copper_slab":2,"create:deepslate_zinc_ore":4,"minecraft:spruce_planks":5,"minecraft:white_bed":8,"minecraft:andesite_stairs":1,"minecraft:sculk_vein":90,"minecraft:cobblestone_stairs":3,"minecraft:red_nether_bricks":9,"minecraft:granite":5,"minecraft:spruce_trapdoor":1,"minecraft:grass_block":14,"minecraft:light_gray_bed":6,"minecraft:white_concrete":2,"minecraft:chiseled_stone_bricks":4,"minecraft:spawner":8,"twilightforest:mining_chest":1,"minecraft:sculk_catalyst":3,"minecraft:dark_oak_trapdoor":2,"minecraft:cobbled_deepslate":8,"minecraft:barrel":17,"minecraft:iron_ore":3,"minecraft:fire":68,"minecraft:fletching_table":1,"minecraft:dark_oak_stairs":1,"create:asurine":33,"minecraft:sculk_shrieker":2,"minecraft:skeleton_wall_skull":1,"minecraft:water_cauldron":2,"minecraft:oak_stairs":1,"minecraft:stripped_mangrove_wood":5,"minecraft:waxed_cut_copper_stairs":3,"minecraft:deepslate_redstone_ore":11,"minecraft:gray_terracotta":1,"various_world:gneiss":4,"minecraft:torch":20,"minecraft:blast_furnace":1,"minecraft:calcite":47,"minecraft:poppy":1,"minecraft:chest":16,"minecraft:nether_brick_slab":2,"minecraft:cobblestone":75,"minecraft:oak_planks":3,"minecraft:wall_torch":35,"minecraft:stone_stairs":1,"minecraft:mossy_stone_brick_wall":1,"paraglider:horned_statue":1,"paraglider:kakariko_goddess_statue":2,"minecraft:birch_door":1,"minecraft:black_bed":7,"minecraft:stone_brick_stairs":14,"minecraft:grass":79,"minecraft:oak_log":19,"minecraft:oak_fence_gate":2,"minecraft:smooth_quartz":1,"minecraft:dirt":32,"minecraft:oak_leaves":8,"minecraft:deepslate":563,"minecraft:mossy_cobblestone":1,"minecraft:deepslate_diamond_ore":4,"minecraft:candle":2,"minecraft:dark_oak_log":1,"minecraft:potted_flowering_azalea_bush":1,"minecraft:glow_lichen":1,"minecraft:spruce_leaves":1,"minecraft:hay_block":19,"minecraft:black_stained_glass_pane":3,"minecraft:potted_dark_oak_sapling":1,"minecraft:oak_trapdoor":6,"minecraft:furnace":5,"minecraft:andesite":14,"minecraft:black_concrete":3,"minecraft:bookshelf":5,"minecraft:deepslate_iron_ore":9,"minecraft:smooth_quartz_stairs":2,"minecraft:stone":441,"minecraft:scaffolding":2,"minecraft:glass_pane":10,"minecraft:stone_brick_slab":2,"minecraft:crafting_table":5,"minecraft:rose_bush":1,"minecraft:sculk_sensor":27,"minecraft:copper_ore":13,"minecraft:lightning_rod":2,"minecraft:tall_grass":4,"minecraft:deepslate_gold_ore":12,"minecraft:lapis_ore":1,"minecraft:sculk":2854,"minecraft:diorite":49,"minecraft:air":17,"minecraft:spruce_stairs":1,"minecraft:beehive":1,"minecraft:sweet_berry_bush":8,"minecraft:gray_bed":3,"minecraft:spruce_log":94,"minecraft:mangrove_slab":1,"minecraft:coal_ore":44,"minecraft:cyan_carpet":6,"minecraft:gravel":28,"minecraft:dripstone_block":4,"minecraft:cobweb":17,"minecraft:cracked_stone_bricks":1,"minecraft:stone_bricks":3,"minecraft:mossy_stone_bricks":1,"minecraft:fern":2,"paraglider:goddess_statue":4},"minecraft:crafted":{"minecraft:oak_planks":72,"minecraft:cooked_chicken":6,"minecraft:cobblestone_stairs":112,"sophisticatedbackpacks:crafting_upgrade":1,"minecraft:cooked_mutton":3,"sophisticatedbackpacks:smelting_upgrade":1,"minecraft:iron_boots":1,"sophisticatedbackpacks:copper_backpack":2,"minecraft:chest":9,"minecraft:stone_hoe":17,"material_elements:leather_knife":1,"sophisticatedbackpacks:backpack":4,"minecraft:cooked_porkchop":28,"minecraft:crafting_table":10,"minecraft:spruce_planks":128,"minecraft:iron_helmet":1,"minecraft:wooden_pickaxe":1,"minecraft:copper_ingot":15,"sophisticatedbackpacks:upgrade_base":2,"minecraft:spruce_trapdoor":2,"minecraft:iron_chestplate":1,"minecraft:charcoal":31,"minecraft:stick":136,"minecraft:iron_pickaxe":1,"minecraft:stone_sword":3,"minecraft:stone_shovel":1,"minecraft:furnace":4,"minecraft:oak_trapdoor":10,"minecraft:stone_pickaxe":13,"minecraft:wheat":171,"sophisticatedbackpacks:iron_backpack":2,"minecraft:cooked_beef":31,"sophisticatedbackpacks:gold_backpack":1,"minecraft:bucket":1,"minecraft:stone_axe":8,"minecraft:bread":59,"minecraft:air":0,"minecraft:oak_fence_gate":2,"minecraft:white_wool":3,"minecraft:iron_leggings":1,"minecraft:white_bed":2,"minecraft:torch":64},"minecraft:broken":{"minecraft:stone_pickaxe":10,"minecraft:stone_axe":5,"minecraft:stone_sword":2,"minecraft:stone_hoe":21},"minecraft:killed":{"undead_revamp2:thewolf":1,"minecraft:spider":1,"undead_revamp2:axestrom":4,"minecraft:skeleton":6,"minecraft:chicken":5,"undead_revamp2:thepregnant":1,"minecraft:pig":32,"undead_revamp2:theheavy":1,"minecraft:sheep":2,"minecraft:zombie":7,"enemyexpansion:botfly":4,"minecraft:cow":40,"undead_revamp2:thehunter":10,"undead_revamp2:thegliter":2,"hmag:skeleton_girl":1,"hmag:zombie_girl":2,"crittersandcompanions:otter":1,"minecraft:warden":1,"undead_revamp2:sucker":5,"minecraft:husk":4,"hmag:ghost":1,"undead_revamp2:the_moonflower":11,"undead_revamp2:thesomnolence":2,"various_world:wandering_spirit_summoned_of_sculks":1},"minecraft:picked_up":{"minecraft:birch_door":2,"minecraft:wheat":13,"minecraft:chainmail_boots":1,"minecraft:flower_pot":2,"minecraft:lead":2,"minecraft:oak_stairs":1,"twilightforest:mining_chest":1,"minecraft:enchanted_book":1,"minecraft:potion":4,"minecraft:stone_brick_stairs":13,"minecraft:music_disc_cat":1,"paraglider:goddess_statue":3,"minecraft:string":54,"minecraft:waxed_cut_copper_slab":2,"minecraft:raw_copper":56,"minecraft:cooked_salmon":6,"minecraft:iron_leggings":1,"minecraft:armor_stand":2,"minecraft:sculk_shrieker":1,"minecraft:beetroot":1,"minecraft:cobbled_deepslate":504,"minecraft:bucket":4,"minecraft:spruce_planks":5,"minecraft:rose_bush":1,"minecraft:calcite":50,"minecraft:iron_pickaxe":1,"hmag:golden_tropical_fish":2,"minecraft:furnace":5,"minecraft:stick":14,"minecraft:torch":70,"paraglider:kakariko_goddess_statue":1,"minecraft:porkchop":66,"minecraft:diorite":72,"minecraft:cauldron":2,"minecraft:waxed_cut_copper_stairs":3,"minecraft:stone_sword":1,"minecraft:light_gray_bed":6,"minecraft:mangrove_stairs":1,"minecraft:rotten_flesh":94,"artifacts:villager_hat":1,"create:asurine":34,"relics:aqua_walker":1,"reliquary:mob_charm_fragment":1,"undead_revamp2:arapholia":3,"hmag:spectral_soup":3,"minecraft:cobblestone":755,"relics:roller_skates":1,"minecraft:feather":2,"minecraft:andesite":25,"minecraft:black_bed":6,"minecraft:potato":22,"paraglider:spirit_orb":18,"minecraft:flint":4,"create:raw_zinc":4,"minecraft:lapis_lazuli":14,"minecraft:mangrove_slab":2,"minecraft:dirt":53,"minecraft:name_tag":3,"hmag:evil_crystal_fragment":3,"minecraft:bone":73,"undead_revamp2:blacpetalblock":1,"minecraft:gray_terracotta":1,"minecraft:wheat_seeds":36,"minecraft:raw_gold":8,"minecraft:mossy_stone_bricks":1,"minecraft:fletching_table":1,"minecraft:oak_planks":3,"minecraft:music_disc_13":3,"hmag:soul_powder":3,"minecraft:dark_oak_log":1,"minecraft:barrel":13,"minecraft:mossy_cobblestone":1,"undead_revamp2:heavytooth":1,"minecraft:diamond":6,"minecraft:deepslate_gold_ore":4,"minecraft:granite":2,"minecraft:golden_apple":1,"minecraft:bread":25,"minecraft:emerald":14,"reliquary:witch_hat":1,"minecraft:oak_sapling":27,"minecraft:crafting_table":6,"minecraft:chicken":5,"minecraft:chest_minecart":4,"minecraft:cornflower":1,"minecraft:stone_stairs":1,"minecraft:item_frame":1,"reliquary:chelicerae":2,"minecraft:cyan_carpet":13,"minecraft:cracked_stone_bricks":1,"minecraft:beef":69,"minecraft:poppy":1,"minecraft:minecart":5,"minecraft:sugar_cane":7,"minecraft:chest":14,"minecraft:spruce_trapdoor":1,"minecraft:diamond_hoe":1,"minecraft:egg":2,"minecraft:dark_oak_sapling":1,"minecraft:raw_iron":8,"minecraft:stripped_mangrove_wood":5,"minecraft:copper_ingot":9,"minecraft:redstone":43,"minecraft:prismarine_crystals":4,"minecraft:iron_horse_armor":2,"minecraft:tnt":4,"minecraft:purple_candle":3,"minecraft:arrow":14,"minecraft:cooked_cod":5,"minecraft:beetroot_seeds":3,"minecraft:pumpkin_pie":4,"minecraft:hay_block":19,"minecraft:saddle":2,"minecraft:gold_ingot":1,"paraglider:horned_statue":1,"minecraft:glow_berries":1,"minecraft:mutton":8,"minecraft:rail":13,"minecraft:skeleton_skull":1,"minecraft:white_wool":1,"minecraft:leather":36,"minecraft:oak_log":33,"minecraft:chainmail_chestplate":2,"minecraft:gunpowder":20,"minecraft:cobblestone_stairs":1,"minecraft:sculk_vein":6,"minecraft:paper":5,"hmag:fire_bottle":1,"minecraft:apple":23,"minecraft:stone_bricks":3,"minecraft:heart_of_the_sea":2,"minecraft:iron_ingot":29,"minecraft:oak_fence_gate":2,"minecraft:stone_pickaxe":2,"minecraft:cooked_chicken":6,"minecraft:mossy_stone_brick_wall":1,"minecraft:gray_bed":3,"minecraft:iron_sword":2,"minecraft:flowering_azalea":1,"minecraft:book":12,"minecraft:scaffolding":1,"minecraft:pumpkin":2,"minecraft:sweet_berries":16,"minecraft:chiseled_stone_bricks":4,"minecraft:stone_brick_slab":2,"minecraft:dripstone_block":3,"minecraft:gravel":20,"minecraft:spruce_sapling":9,"minecraft:blast_furnace":1,"minecraft:white_bed":8,"minecraft:spruce_log":102,"minecraft:nether_brick_slab":2,"minecraft:pumpkin_seeds":13,"minecraft:sculk_sensor":3,"minecraft:stone_axe":1,"minecraft:iron_helmet":4,"minecraft:deepslate_redstone_ore":2,"hmag:lemon":3,"minecraft:melon_seeds":14,"minecraft:black_wool":1,"minecraft:coal":61},"minecraft:killed_by":{"minecraft:player":1}},"DataVersion":3465}