{"stats":{"minecraft:killed_by":{"minecraft:player":1},"minecraft:picked_up":{"minecraft:crafting_table":2,"minecraft:chicken":5,"minecraft:lead":2,"minecraft:oak_stairs":1,"minecraft:potion":4,"minecraft:enchanted_book":1,"minecraft:stone_brick_stairs":13,"paraglider:goddess_statue":2,"minecraft:string":28,"minecraft:stone_stairs":1,"minecraft:raw_copper":21,"minecraft:cooked_salmon":4,"minecraft:iron_leggings":1,"minecraft:armor_stand":2,"minecraft:cracked_stone_bricks":1,"minecraft:bucket":1,"minecraft:beef":31,"hmag:golden_tropical_fish":2,"minecraft:chest":8,"minecraft:diamond_hoe":1,"minecraft:furnace":5,"minecraft:stick":3,"minecraft:copper_ingot":6,"minecraft:torch":2,"paraglider:kakariko_goddess_statue":1,"minecraft:porkchop":28,"minecraft:redstone":1,"minecraft:iron_horse_armor":1,"minecraft:rotten_flesh":24,"minecraft:cooked_cod":5,"artifacts:villager_hat":1,"relics:aqua_walker":1,"minecraft:saddle":1,"minecraft:gold_ingot":1,"paraglider:horned_statue":1,"minecraft:mutton":8,"minecraft:cobblestone":145,"undead_revamp2:arapholia":1,"minecraft:skeleton_skull":1,"minecraft:white_wool":1,"relics:roller_skates":1,"minecraft:feather":2,"minecraft:andesite":2,"minecraft:leather":15,"minecraft:potato":16,"paraglider:spirit_orb":7,"minecraft:oak_log":3,"minecraft:gunpowder":6,"minecraft:dirt":6,"minecraft:name_tag":1,"hmag:fire_bottle":1,"minecraft:bone":25,"minecraft:apple":2,"minecraft:stone_bricks":3,"minecraft:gray_terracotta":1,"minecraft:wheat_seeds":16,"minecraft:heart_of_the_sea":1,"minecraft:iron_ingot":12,"minecraft:cooked_chicken":6,"minecraft:mossy_stone_bricks":1,"minecraft:mossy_stone_brick_wall":1,"minecraft:gray_bed":3,"minecraft:iron_sword":1,"minecraft:music_disc_13":1,"minecraft:sweet_berries":16,"minecraft:chiseled_stone_bricks":4,"minecraft:stone_brick_slab":2,"minecraft:gravel":1,"minecraft:spruce_sapling":9,"minecraft:white_bed":1,"minecraft:spruce_log":100,"minecraft:dark_oak_log":1,"minecraft:barrel":2,"minecraft:pumpkin_seeds":9,"minecraft:diamond":2,"minecraft:iron_helmet":2,"hmag:lemon":3,"minecraft:golden_apple":1,"minecraft:emerald":14,"minecraft:bread":11,"minecraft:oak_sapling":11,"reliquary:witch_hat":1,"minecraft:black_wool":1,"minecraft:melon_seeds":14,"minecraft:coal":5},"minecraft:custom":{"minecraft:mob_kills":35,"minecraft:interact_with_crafting_table":21,"minecraft:open_barrel":14,"minecraft:leave_game":1,"minecraft:time_since_death":70414,"minecraft:climb_one_cm":4027,"minecraft:sprint_one_cm":265315,"minecraft:walk_one_cm":180490,"minecraft:drop":11,"minecraft:play_time":77054,"minecraft:deaths":1,"minecraft:sneak_time":3003,"minecraft:jump":1927,"minecraft:walk_on_water_one_cm":413,"minecraft:total_world_time":77054,"minecraft:interact_with_furnace":64,"minecraft:sleep_in_bed":4,"minecraft:time_since_rest":10946,"minecraft:damage_taken":1783,"minecraft:damage_dealt":3635,"minecraft:fly_one_cm":401541,"minecraft:player_kills":2,"minecraft:open_chest":46,"minecraft:crouch_one_cm":9628,"minecraft:fall_one_cm":60950,"minecraft:horse_one_cm":9775},"minecraft:used":{"minecraft:stone_sword":30,"minecraft:armor_stand":1,"minecraft:stone_shovel":2,"minecraft:chest":2,"minecraft:stone_brick_stairs":1,"minecraft:stone_bricks":1,"minecraft:furnace":5,"minecraft:cooked_cod":4,"minecraft:gray_bed":3,"minecraft:cooked_mutton":3,"minecraft:mossy_stone_bricks":1,"minecraft:stone_pickaxe":132,"minecraft:wooden_pickaxe":17,"minecraft:crafting_table":7,"minecraft:white_bed":1,"minecraft:bread":13,"minecraft:stone_axe":183,"minecraft:cobblestone":12,"minecraft:cooked_porkchop":2},"minecraft:mined":{"undead_revamp2:arapholia":1,"minecraft:white_bed":1,"minecraft:andesite_stairs":1,"minecraft:dark_oak_log":1,"minecraft:grass_block":3,"minecraft:spruce_leaves":1,"minecraft:chiseled_stone_bricks":4,"minecraft:spawner":3,"minecraft:black_stained_glass_pane":1,"minecraft:furnace":5,"minecraft:barrel":2,"minecraft:andesite":2,"minecraft:skeleton_wall_skull":1,"minecraft:oak_stairs":1,"minecraft:stone":84,"minecraft:gray_terracotta":1,"minecraft:glass_pane":9,"minecraft:stone_brick_slab":2,"minecraft:crafting_table":2,"minecraft:torch":1,"minecraft:chest":10,"minecraft:tall_grass":4,"minecraft:copper_ore":6,"minecraft:cobblestone":6,"minecraft:wall_torch":1,"minecraft:air":10,"minecraft:stone_stairs":1,"minecraft:mossy_stone_brick_wall":1,"paraglider:horned_statue":1,"minecraft:sweet_berry_bush":8,"minecraft:gray_bed":3,"paraglider:kakariko_goddess_statue":1,"minecraft:spruce_log":91,"minecraft:stone_brick_stairs":14,"minecraft:grass":25,"minecraft:coal_ore":1,"minecraft:gravel":1,"minecraft:dirt":4,"minecraft:cobweb":11,"minecraft:cracked_stone_bricks":1,"minecraft:stone_bricks":3,"minecraft:mossy_stone_bricks":1,"minecraft:oak_leaves":5,"minecraft:fern":1,"paraglider:goddess_statue":2},"minecraft:broken":{"minecraft:stone_pickaxe":1,"minecraft:stone_axe":1},"minecraft:killed":{"minecraft:chicken":5,"minecraft:pig":13,"minecraft:sheep":2,"minecraft:cow":15},"minecraft:dropped":{"minecraft:cobblestone":60,"minecraft:saddle":1,"minecraft:cooked_cod":1,"minecraft:armor_stand":1,"minecraft:cooked_chicken":6,"hmag:fire_bottle":1,"minecraft:rotten_flesh":12,"minecraft:gray_terracotta":1,"minecraft:melon_seeds":7,"minecraft:spruce_log":14},"minecraft:crafted":{"minecraft:stone_shovel":1,"minecraft:cooked_chicken":6,"minecraft:furnace":3,"minecraft:cooked_mutton":3,"sophisticatedbackpacks:copper_backpack":1,"minecraft:stone_pickaxe":3,"minecraft:chest":1,"sophisticatedbackpacks:iron_backpack":1,"minecraft:cooked_beef":31,"sophisticatedbackpacks:backpack":1,"minecraft:cooked_porkchop":28,"minecraft:crafting_table":6,"minecraft:spruce_planks":44,"minecraft:wooden_pickaxe":1,"minecraft:copper_ingot":15,"minecraft:stone_axe":2,"minecraft:air":0,"minecraft:white_wool":3,"minecraft:charcoal":31,"minecraft:stick":12,"minecraft:stone_sword":1,"minecraft:white_bed":1}},"DataVersion":3465}