{"stats":{"minecraft:killed_by":{"minecraft:player":1},"minecraft:picked_up":{"minecraft:crafting_table":3,"minecraft:wheat":6,"minecraft:chicken":5,"minecraft:flower_pot":1,"minecraft:lead":2,"minecraft:oak_stairs":1,"minecraft:potion":4,"minecraft:enchanted_book":1,"minecraft:stone_brick_stairs":13,"paraglider:goddess_statue":2,"minecraft:string":31,"minecraft:waxed_cut_copper_slab":2,"minecraft:stone_stairs":1,"minecraft:raw_copper":34,"minecraft:cooked_salmon":4,"minecraft:iron_leggings":1,"minecraft:item_frame":1,"minecraft:armor_stand":2,"minecraft:cyan_carpet":11,"minecraft:beetroot":1,"minecraft:cracked_stone_bricks":1,"minecraft:bucket":2,"minecraft:spruce_planks":5,"minecraft:beef":64,"minecraft:rose_bush":1,"minecraft:calcite":20,"hmag:golden_tropical_fish":2,"minecraft:chest":11,"minecraft:egg":1,"minecraft:diamond_hoe":1,"minecraft:furnace":5,"minecraft:dark_oak_sapling":1,"minecraft:raw_iron":2,"minecraft:stick":10,"minecraft:copper_ingot":9,"minecraft:torch":12,"paraglider:kakariko_goddess_statue":1,"minecraft:porkchop":66,"minecraft:redstone":1,"minecraft:iron_horse_armor":1,"minecraft:cauldron":2,"minecraft:light_gray_bed":4,"minecraft:stone_sword":1,"minecraft:arrow":11,"minecraft:rotten_flesh":27,"minecraft:cooked_cod":5,"minecraft:beetroot_seeds":1,"artifacts:villager_hat":1,"minecraft:pumpkin_pie":4,"minecraft:hay_block":14,"relics:aqua_walker":1,"minecraft:saddle":1,"minecraft:gold_ingot":1,"paraglider:horned_statue":1,"minecraft:mutton":8,"minecraft:cobblestone":174,"undead_revamp2:arapholia":2,"minecraft:skeleton_skull":1,"minecraft:white_wool":1,"relics:roller_skates":1,"minecraft:feather":2,"minecraft:andesite":7,"minecraft:black_bed":1,"minecraft:leather":33,"minecraft:potato":22,"paraglider:spirit_orb":15,"minecraft:flint":1,"minecraft:oak_log":33,"minecraft:gunpowder":6,"minecraft:dirt":25,"minecraft:name_tag":1,"hmag:fire_bottle":1,"minecraft:bone":47,"minecraft:apple":23,"minecraft:stone_bricks":3,"minecraft:gray_terracotta":1,"minecraft:wheat_seeds":30,"minecraft:heart_of_the_sea":1,"minecraft:iron_ingot":12,"minecraft:cooked_chicken":6,"minecraft:mossy_stone_bricks":1,"minecraft:mossy_stone_brick_wall":1,"minecraft:gray_bed":3,"minecraft:oak_planks":3,"minecraft:iron_sword":1,"minecraft:book":9,"minecraft:scaffolding":1,"minecraft:music_disc_13":1,"minecraft:sweet_berries":16,"minecraft:chiseled_stone_bricks":4,"minecraft:stone_brick_slab":2,"minecraft:gravel":1,"minecraft:spruce_sapling":9,"minecraft:nether_brick_slab":1,"minecraft:white_bed":8,"minecraft:spruce_log":100,"minecraft:dark_oak_log":1,"minecraft:barrel":2,"minecraft:mossy_cobblestone":1,"minecraft:pumpkin_seeds":9,"minecraft:diamond":2,"minecraft:iron_helmet":2,"hmag:lemon":3,"minecraft:golden_apple":1,"minecraft:emerald":14,"minecraft:bread":25,"minecraft:oak_sapling":27,"reliquary:witch_hat":1,"minecraft:black_wool":1,"minecraft:melon_seeds":14,"minecraft:coal":5},"minecraft:custom":{"minecraft:mob_kills":85,"minecraft:interact_with_crafting_table":41,"minecraft:open_barrel":31,"minecraft:damage_dealt_resisted":29,"minecraft:leave_game":1,"minecraft:time_since_death":6417,"minecraft:climb_one_cm":8490,"minecraft:damage_resisted":28,"minecraft:sprint_one_cm":434461,"minecraft:walk_one_cm":415458,"minecraft:drop":16,"minecraft:play_noteblock":1,"minecraft:play_time":143054,"minecraft:deaths":2,"minecraft:sneak_time":6079,"minecraft:walk_under_water_one_cm":158,"minecraft:jump":3035,"minecraft:walk_on_water_one_cm":1522,"minecraft:total_world_time":143054,"minecraft:interact_with_furnace":64,"minecraft:sleep_in_bed":16,"minecraft:time_since_rest":1436,"minecraft:damage_taken":3772,"minecraft:damage_dealt":10195,"minecraft:fly_one_cm":669993,"minecraft:player_kills":2,"minecraft:open_chest":120,"minecraft:crouch_one_cm":19398,"minecraft:fall_one_cm":95767,"minecraft:horse_one_cm":9775},"minecraft:used":{"minecraft:stone_sword":73,"minecraft:armor_stand":1,"minecraft:stone_shovel":11,"minecraft:chest":15,"minecraft:torch":8,"paraglider:goddess_statue":1,"minecraft:stone_brick_stairs":1,"minecraft:stone_bricks":1,"minecraft:item_frame":1,"minecraft:furnace":5,"minecraft:cooked_cod":4,"minecraft:gray_bed":3,"minecraft:potato":67,"minecraft:light_gray_bed":3,"minecraft:calcite":7,"minecraft:water_bucket":2,"minecraft:cooked_mutton":3,"minecraft:mossy_stone_bricks":1,"minecraft:stone_pickaxe":228,"minecraft:wooden_pickaxe":17,"minecraft:crafting_table":9,"minecraft:white_bed":9,"minecraft:bread":48,"minecraft:stone_axe":357,"minecraft:cobblestone":16,"minecraft:cooked_porkchop":2,"minecraft:andesite":5,"minecraft:bucket":3},"minecraft:mined":{"undead_revamp2:arapholia":2,"minecraft:dark_oak_planks":1,"minecraft:waxed_cut_copper_slab":2,"minecraft:spruce_planks":5,"minecraft:white_bed":8,"minecraft:mossy_cobblestone":1,"minecraft:andesite_stairs":1,"minecraft:dark_oak_log":1,"minecraft:red_nether_bricks":9,"minecraft:grass_block":8,"minecraft:light_gray_bed":4,"minecraft:spruce_leaves":1,"minecraft:chiseled_stone_bricks":4,"minecraft:spawner":7,"minecraft:hay_block":14,"minecraft:black_stained_glass_pane":3,"minecraft:potted_dark_oak_sapling":1,"minecraft:furnace":5,"minecraft:iron_ore":2,"minecraft:barrel":6,"minecraft:andesite":6,"minecraft:dark_oak_stairs":1,"minecraft:bookshelf":4,"minecraft:skeleton_wall_skull":1,"minecraft:water_cauldron":2,"minecraft:oak_stairs":1,"minecraft:smooth_quartz_stairs":2,"minecraft:stone":110,"minecraft:gray_terracotta":1,"minecraft:scaffolding":2,"minecraft:glass_pane":10,"minecraft:stone_brick_slab":2,"minecraft:crafting_table":3,"minecraft:torch":4,"minecraft:calcite":25,"minecraft:rose_bush":1,"minecraft:chest":13,"minecraft:nether_brick_slab":1,"minecraft:lightning_rod":2,"minecraft:tall_grass":4,"minecraft:copper_ore":9,"minecraft:cobblestone":9,"minecraft:oak_planks":3,"minecraft:wall_torch":3,"minecraft:air":17,"minecraft:spruce_stairs":1,"minecraft:stone_stairs":1,"minecraft:mossy_stone_brick_wall":1,"paraglider:horned_statue":1,"minecraft:sweet_berry_bush":8,"minecraft:gray_bed":3,"paraglider:kakariko_goddess_statue":1,"minecraft:spruce_log":91,"minecraft:black_bed":1,"minecraft:stone_brick_stairs":14,"minecraft:grass":72,"minecraft:oak_log":19,"minecraft:coal_ore":1,"minecraft:cyan_carpet":6,"minecraft:gravel":2,"minecraft:dirt":9,"minecraft:cobweb":14,"minecraft:cracked_stone_bricks":1,"minecraft:stone_bricks":3,"minecraft:mossy_stone_bricks":1,"minecraft:oak_leaves":8,"minecraft:fern":1,"paraglider:goddess_statue":3},"minecraft:broken":{"minecraft:stone_pickaxe":1,"minecraft:stone_axe":3},"minecraft:killed":{"undead_revamp2:thehunter":1,"hmag:skeleton_girl":1,"minecraft:skeleton":4,"minecraft:chicken":5,"minecraft:husk":3,"minecraft:pig":32,"minecraft:sheep":2,"minecraft:cow":37},"minecraft:dropped":{"minecraft:cobblestone":60,"minecraft:saddle":1,"relics:roller_skates":1,"minecraft:cooked_cod":1,"minecraft:bucket":1,"minecraft:bone":14,"minecraft:armor_stand":1,"minecraft:cooked_chicken":6,"hmag:fire_bottle":1,"minecraft:rotten_flesh":12,"sophisticatedbackpacks:backpack":2,"minecraft:gray_terracotta":1,"minecraft:melon_seeds":7,"minecraft:spruce_log":14},"minecraft:crafted":{"minecraft:oak_planks":12,"minecraft:stone_shovel":1,"minecraft:cooked_chicken":6,"minecraft:furnace":4,"sophisticatedbackpacks:crafting_upgrade":1,"minecraft:cooked_mutton":3,"sophisticatedbackpacks:smelting_upgrade":1,"sophisticatedbackpacks:copper_backpack":2,"minecraft:stone_pickaxe":3,"minecraft:chest":9,"minecraft:wheat":126,"sophisticatedbackpacks:iron_backpack":2,"minecraft:cooked_beef":31,"material_elements:leather_knife":1,"sophisticatedbackpacks:backpack":4,"minecraft:cooked_porkchop":28,"minecraft:crafting_table":7,"minecraft:spruce_planks":128,"minecraft:wooden_pickaxe":1,"minecraft:copper_ingot":15,"sophisticatedbackpacks:gold_backpack":1,"minecraft:bucket":1,"minecraft:stone_axe":4,"sophisticatedbackpacks:upgrade_base":2,"minecraft:bread":42,"minecraft:air":0,"minecraft:white_wool":3,"minecraft:charcoal":31,"minecraft:stick":12,"minecraft:stone_sword":1,"minecraft:white_bed":1}},"DataVersion":3465}