{"stats":{"minecraft:used":{"minecraft:crafting_table":1},"minecraft:crafted":{"minecraft:crafting_table":1,"minecraft:spruce_planks":12,"minecraft:stick":8,"minecraft:wooden_axe":1},"minecraft:mined":{"minecraft:spruce_log":5},"minecraft:picked_up":{"minecraft:spruce_log":5},"minecraft:custom":{"minecraft:jump":43,"minecraft:time_since_rest":2721,"minecraft:crouch_one_cm":7,"minecraft:sprint_one_cm":1679,"minecraft:play_time":2721,"minecraft:time_since_death":2721,"minecraft:walk_one_cm":3226,"minecraft:sneak_time":22,"minecraft:total_world_time":2721,"minecraft:interact_with_crafting_table":1,"minecraft:fall_one_cm":209,"minecraft:fly_one_cm":1334}},"DataVersion":3465}